x,y
0.0,100.0
0.0,100.0
0.0,100.0
0.0,100.0
0.0,100.0
0.0,100.0
0.0,100.0
0.0,100.0
0.0,100.0
0.0,100.0
0.0,100.0
0.0,100.0
0.0,100.0
0.0,100.0
0.0,100.0
0.0,100.0
0.0,100.0
0.0,100.0
0.0,100.0
0.0,100.0
0.0,100.0
0.0,100.0
0.0,100.0
0.0,100.0
0.0,100.0
0.0,100.0
0.0,100.0
0.0,100.0
0.0,100.0
0.0,100.0
0.0,100.0
0.0,100.0
0.0,100.0
0.0,100.0
0.0,100.0
0.0,100.0
0.0,100.0
0.0,100.0
0.0,100.0
0.0,100.0
0.0,100.0
0.0,100.0
0.0,100.0
0.0,100.0
0.0,100.0
0.0,100.0
0.0,100.0
0.0,100.0
0.0,100.0
0.0,100.0
0.0,100.0
0.0,100.0
0.0,100.0
0.0,100.0
0.0,100.0
0.0,100.0
0.0,100.0
0.0,100.0
0.0,100.0
0.0,100.0
0.0,100.0
0.0,100.0
0.0,100.0
0.0,100.0
0.0,100.0
0.0,100.0
0.0,100.0
0.0,100.0
0.0,100.0
0.0,100.0
0.0,100.0
0.0,100.0
0.0,100.0
0.0,100.0
0.0,100.0
0.0,100.0
0.0,100.0
0.0,100.0
0.0,100.0
0.0,100.0
0.0,100.0
0.0,100.0
0.0,100.0
0.0,100.0
0.0,100.0
0.0,100.0
0.0,100.0
0.0,100.0
0.0,100.0
0.0,100.0
0.0,100.0
0.0,100.0
0.0,100.0
0.0,100.0
0.0,100.0
0.0,100.0
0.0,100.0
0.0,100.0
0.0,100.0
0.0,100.0
0.0,100.0
0.0,100.0
0.0,100.0
0.0,100.0
0.0,100.0
0.0,100.0
0.0,100.0
0.0,100.0
0.0,100.0
0.0,100.0
0.0,100.0
0.0,100.0
0.0,100.0
0.0,100.0
0.0,100.0
0.0,100.0
0.0,100.0
0.0,100.0
0.0,100.0
0.0,100.0
0.0,100.0
0.0,100.0
0.0,100.0
0.0,100.0
0.0,100.0
0.0,100.0
0.0,100.0
0.0,100.0
0.0,100.0
0.0,100.0
0.0,100.0
0.0,100.0
0.0,100.0
0.0,100.0
0.0,100.0
0.0,100.0
0.0,100.0
0.0,100.0
0.0,100.0
0.0,100.0
0.0,100.0
0.0,100.0
0.0,100.0
0.0,100.0
0.0,100.0
0.0,100.0
0.0,100.0
0.0,100.0
0.0,100.0
0.0,100.0
0.0,100.0
0.0,100.0
0.0,100.0
0.0,100.0
0.0,100.0
0.0,100.0
0.0,100.0
0.0,100.0
0.0,100.0
0.0,100.0
0.0,100.0
0.0,100.0
0.0,100.0
0.0,100.0
0.0,100.0
0.0,100.0
0.0,100.0
0.0,100.0
0.0,100.0
0.0,100.0
0.0,100.0
0.0,100.0
0.0,100.0
0.0,100.0
0.0,100.0
0.0,100.0
0.0,100.0
0.0,100.0
0.0,100.0
0.0,100.0
0.0,100.0
0.0,100.0
0.0,100.0
0.0,100.0
0.0,100.0
0.0,100.0
0.0,100.0
0.0,100.0
0.0,100.0
0.0,100.0
0.0,100.0
0.0,100.0
0.0,100.0
0.0,100.0
0.0,100.0
0.0,100.0
0.0,100.0
0.0,100.0
0.0,100.0
0.0,100.0
0.0,100.0
0.0,100.0
0.0,100.0
0.0,100.0
0.0,100.0
0.0,100.0
0.0,100.0
0.0,100.0
0.0,100.0
0.0,100.0
0.0,100.0
0.0,100.0
0.0,100.0
0.0,100.0
0.0,100.0
0.0,100.0
0.0,100.0
0.0,100.0
0.0,100.0
0.0,100.0
0.0,100.0
0.0,100.0
0.0,100.0
0.0,100.0
0.0,100.0
0.0,100.0
0.0,100.0
0.0,100.0
0.0,100.0
0.0,100.0
0.0,100.0
0.0,100.0
0.0,100.0
0.0,100.0
0.0,100.0
0.0,100.0
0.0,100.0
0.0,100.0
0.0,100.0
0.0,100.0
0.0,100.0
0.0,100.0
0.0,100.0
0.0,100.0
0.0,100.0
0.0,100.0
0.0,100.0
0.0,100.0
0.0,100.0
0.0,100.0
0.0,100.0
0.0,100.0
0.0,100.0
0.0,100.0
0.0,100.0
0.0,100.0
0.0,100.0
0.0,100.0
0.0,100.0
0.0,100.0
0.0,100.0
0.0,100.0
0.0,100.0
0.0,100.0
0.0,100.0
0.0,100.0
0.0,100.0
0.0,100.0
0.0,100.0
0.0,100.0
0.0,100.0
0.0,100.0
0.0,100.0
0.0,100.0
0.0,100.0
0.0,100.0
0.0,100.0
0.0,100.0
0.0,100.0
0.0,100.0
0.0,100.0
0.0,100.0
0.0,100.0
0.0,100.0
0.0,100.0
0.0,100.0
0.0,100.0
0.0,100.0
0.0,100.0
0.0,100.0
0.0,100.0
0.0,100.0
0.0,100.0
0.0,100.0
0.0,100.0
0.0,100.0
0.0,100.0
0.0,100.0
0.0,100.0
0.0,100.0
0.0,100.0
0.0,100.0
0.0,100.0
0.0,100.0
0.0,100.0
0.0,100.0
0.0,100.0
0.0,100.0
0.0,100.0
0.0,100.0
0.0,100.0
0.0,100.0
0.0,100.0
0.0,100.0
0.0,100.0
0.0,100.0
0.0,100.0
0.0,100.0
0.0,100.0
0.0,100.0
0.0,100.0
0.0,100.0
0.0,100.0
0.0,100.0
0.0,100.0
0.0,100.0
0.0,100.0
0.0,100.0
0.0,100.0
0.0,100.0
0.0,100.0
0.0,100.0
0.0,100.0
0.0,100.0
0.0,100.0
0.0,100.0
0.0,100.0
0.0,100.0
0.0,100.0
0.0,100.0
0.0,100.0
0.0,100.0
0.0,100.0
0.0,100.0
0.0,100.0
0.0,100.0
0.0,100.0
0.0,100.0
0.0,100.0
0.0,100.0
0.0,100.0
0.0,100.0
0.0,100.0
0.0,100.0
0.0,100.0
0.0,100.0
0.0,100.0
0.0,100.0
0.0,100.0
0.0,100.0
0.0,100.0
0.0,100.0
0.0,100.0
0.0,100.0
0.0,100.0
0.0,100.0
0.0,100.0
0.0,100.0
0.0,100.0
0.0,100.0
0.0,100.0
0.0,100.0
0.0,100.0
0.0,100.0
0.0,100.0
0.0,100.0
0.0,100.0
0.0,100.0
0.0,100.0
0.0,100.0
0.0,100.0
0.0,100.0
0.0,100.0
0.0,100.0
0.0,100.0
0.0,100.0
0.0,100.0
0.0,100.0
0.0,100.0
0.0,100.0
0.0,100.0
0.0,100.0
0.0,100.0
0.0,100.0
0.0,100.0
0.0,100.0
0.0,100.0
0.0,100.0
0.0,100.0
0.0,100.0
0.0,100.0
0.0,100.0
0.0,100.0
0.0,100.0
0.0,100.0
0.0,100.0
0.0,100.0
0.0,100.0
0.0,100.0
0.0,100.0
0.0,100.0
0.0,100.0
0.0,100.0
0.0,100.0
0.0,100.0
0.0,100.0
0.0,100.0
0.0,100.0
0.0,100.0
0.0,100.0
0.0,100.0
0.0,100.0
0.0,100.0
0.0,100.0
0.0,100.0
0.0,100.0
0.0,100.0
0.0,100.0
0.0,100.0
0.0,100.0
0.0,100.0
0.0,100.0
0.0,100.0
0.0,100.0
0.0,100.0
0.0,100.0
0.0,100.0
0.0,100.0
0.0,100.0
0.0,100.0
0.0,100.0
0.0,100.0
0.0,100.0
0.0,100.0
0.0,100.0
0.0,100.0
0.0,100.0
0.0,100.0
0.0,100.0
0.0,100.0
0.0,100.0
0.0,100.0
0.0,100.0
0.0,100.0
0.0,100.0
0.0,100.0
0.0,100.0
0.0,100.0
0.0,100.0
0.0,100.0
0.0,100.0
0.0,100.0
0.0,100.0
0.0,100.0
0.0,100.0
0.0,100.0
0.0,100.0
0.0,100.0
0.0,100.0
0.0,100.0
0.0,100.0
0.0,100.0
0.0,100.0
0.0,100.0
0.0,100.0
0.0,100.0
0.0,100.0
0.0,100.0
0.0,100.0
0.0,100.0
0.0,100.0
0.0,100.0
0.0,100.0
0.0,100.0
0.0,100.0
0.0,100.0
0.0,100.0
0.0,100.0
0.0,100.0
0.0,100.0
0.0,100.0
0.0,100.0
0.0,100.0
0.0,100.0
0.0,100.0
0.0,100.0
0.0,100.0
0.0,100.0
0.0,100.0
0.0,100.0
0.0,100.0
0.0,100.0
0.0,100.0
0.0,100.0
0.0,100.0
0.0,100.0
0.0,100.0
0.0,100.0
0.0,100.0
0.0,100.0
0.0,100.0
0.0,100.0
0.0,100.0
0.0,100.0
0.0,100.0
0.0,100.0
0.0,100.0
0.0,100.0
0.0,100.0
0.0,100.0
0.0,100.0
0.0,100.0
0.0,100.0
0.0,100.0
0.0,100.0
0.0,100.0
0.0,100.0
0.0,100.0
0.0,100.0
0.0,100.0
0.0,100.0
0.0,100.0
0.0,100.0
0.0,100.0
0.0,100.0
0.0,100.0
0.0,100.0
0.0,100.0
0.0,100.0
0.0,100.0
0.0,100.0
0.0,100.0
0.0,100.0
0.0,100.0
0.0,100.0
0.0,100.0
0.0,100.0
0.0,100.0
0.0,100.0
0.0,100.0
0.0,100.0
0.0,100.0
0.0,100.0
0.0,100.0
0.0,100.0
0.0,100.0
0.0,100.0
0.0,100.0
0.0,100.0
0.0,100.0
0.0,100.0
0.0,100.0
0.0,100.0
0.0,100.0
0.0,100.0
0.0,100.0
0.0,100.0
0.0,100.0
0.0,100.0
0.0,100.0
0.0,100.0
0.0,100.0
0.0,100.0
0.0,100.0
0.0,100.0
0.0,100.0
0.0,100.0
0.0,100.0
0.0,100.0
0.0,100.0
0.0,100.0
0.0,100.0
0.0,100.0
0.0,100.0
0.0,100.0
0.0,100.0
0.0,100.0
0.0,100.0
0.0,100.0
0.0,100.0
0.0,100.0
0.0,100.0
0.0,100.0
0.0,100.0
0.0,100.0
0.0,100.0
0.0,100.0
0.0,100.0
0.0,100.0
0.0,100.0
0.0,100.0
0.0,100.0
0.0,100.0
0.0,100.0
0.0,100.0
0.0,100.0
0.0,100.0
0.0,100.0
0.0,100.0
0.0,100.0
0.0,100.0
0.0,100.0
0.0,100.0
0.0,100.0
0.0,100.0
0.0,100.0
0.0,100.0
0.0,100.0
0.0,100.0
0.0,100.0
0.0,100.0
0.0,100.0
0.0,100.0
0.0,100.0
0.0,100.0
0.0,100.0
0.0,100.0
0.0,100.0
0.0,100.0
0.0,100.0
0.0,100.0
0.0,100.0
0.0,100.0
0.0,100.0
0.0,100.0
0.0,100.0
0.0,100.0
0.0,100.0
0.0,100.0
0.0,100.0
0.0,100.0
0.0,100.0
0.0,100.0
0.0,100.0
0.0,100.0
0.0,100.0
0.0,100.0
0.0,100.0
0.0,100.0
0.0,100.0
0.0,100.0
0.0,100.0
0.0,100.0
0.0,100.0
0.0,100.0
0.0,100.0
0.0,100.0
0.0,100.0
0.0,100.0
0.0,100.0
0.0,100.0
0.0,100.0
0.0,100.0
0.0,100.0
0.0,100.0
0.0,100.0
0.0,100.0
0.0,100.0
0.0,100.0
0.0,100.0
0.0,100.0
0.0,100.0
0.0,100.0
0.0,100.0
0.0,100.0
0.0,100.0
0.0,100.0
0.0,100.0
0.0,100.0
0.0,100.0
0.0,100.0
0.0,100.0
0.0,100.0
0.0,100.0
0.0,100.0
0.0,100.0
0.0,100.0
0.0,100.0
0.0,100.0
0.0,100.0
0.0,100.0
0.0,100.0
0.0,100.0
0.0,100.0
0.0,100.0
0.0,100.0
0.0,100.0
0.0,100.0
0.0,100.0
0.0,100.0
0.0,100.0
0.0,100.0
0.0,100.0
0.0,100.0
0.0,100.0
0.0,100.0
0.0,100.0
0.0,100.0
0.0,100.0
0.0,100.0
0.0,100.0
0.0,100.0
0.0,100.0
0.0,100.0
0.0,100.0
0.0,100.0
0.0,100.0
0.0,100.0
0.0,100.0
0.0,100.0
0.0,100.0
0.0,100.0
0.0,100.0
0.0,100.0
0.0,100.0
0.0,100.0
0.0,100.0
0.0,100.0
0.0,100.0
0.0,100.0
0.0,100.0
0.0,100.0
0.0,100.0
0.0,100.0
0.0,100.0
0.0,100.0
0.0,100.0
0.0,100.0
0.0,100.0
0.0,100.0
0.0,100.0
0.0,100.0
0.0,100.0
0.0,100.0
0.0,100.0
0.0,100.0
0.0,100.0
0.0,100.0
0.0,100.0
0.0,100.0
0.0,100.0
0.0,100.0
0.0,100.0
0.0,100.0
0.0,100.0
0.0,100.0
0.0,100.0
0.0,100.0
0.0,100.0
0.0,100.0
0.0,100.0
0.0,100.0
0.0,100.0
0.0,100.0
0.0,100.0
0.0,100.0
0.0,100.0
0.0,100.0
0.0,100.0
0.0,100.0
0.0,100.0
0.0,100.0
0.0,100.0
0.0,100.0
0.0,100.0
0.0,100.0
0.0,100.0
0.0,100.0
0.0,100.0
0.0,100.0
0.0,100.0
0.0,100.0
0.0,100.0
0.0,100.0
0.0,100.0
0.0,100.0
0.0,100.0
0.0,100.0
0.0,100.0
0.0,100.0
0.0,100.0
0.0,100.0
0.0,100.0
0.0,100.0
0.0,100.0
0.0,100.0
0.0,100.0
0.0,100.0
0.0,100.0
0.0,100.0
0.0,100.0
0.0,100.0
0.0,100.0
0.0,100.0
0.0,100.0
0.0,100.0
0.0,100.0
0.0,100.0
0.0,100.0
0.0,100.0
0.0,100.0
0.0,100.0
0.0,100.0
0.0,100.0
0.0,100.0
0.0,100.0
0.0,100.0
0.0,100.0
0.0,100.0
0.0,100.0
0.0,100.0
0.0,100.0
0.0,100.0
0.0,100.0
0.0,100.0
0.0,100.0
0.0,100.0
0.0,100.0
0.0,100.0
0.0,100.0
0.0,100.0
0.0,100.0
0.0,100.0
0.0,100.0
0.0,100.0
0.0,100.0
0.0,100.0
0.0,100.0
0.0,100.0
0.0,100.0
0.0,100.0
0.0,100.0
0.0,100.0
0.0,100.0
0.0,100.0
0.0,100.0
0.0,100.0
0.0,100.0
0.0,100.0
0.0,100.0
0.0,100.0
0.0,100.0
0.0,100.0
0.0,100.0
0.0,100.0
0.0,100.0
0.0,100.0
0.0,100.0
0.0,100.0
0.0,100.0
0.0,100.0
0.0,100.0
0.0,100.0
0.0,100.0
0.0,100.0
0.0,100.0
0.0,100.0
0.0,100.0
0.0,100.0
0.0,100.0
0.0,100.0
0.0,100.0
0.0,100.0
0.0,100.0
0.0,100.0
0.0,100.0
0.0,100.0
0.0,100.0
0.0,100.0
0.0,100.0
0.0,100.0
0.0,100.0
0.0,100.0
0.0,100.0
0.0,100.0
0.0,100.0
0.0,100.0
0.0,100.0
0.0,100.0
0.0,100.0
0.0,100.0
0.0,100.0
0.0,100.0
0.0,100.0
0.0,100.0
0.0,100.0
0.0,100.0
0.0,100.0
0.0,100.0
0.0,100.0
0.0,100.0
0.0,100.0
0.0,100.0
0.0,100.0
0.0,100.0
0.0,100.0
0.0,100.0
0.0,100.0
0.0,100.0
0.0,100.0
0.0,100.0
0.0,100.0
0.0,100.0
0.0,100.0
0.0,100.0
0.0,100.0
0.0,100.0
0.0,100.0
0.0,100.0
0.0,100.0
0.0,100.0
0.0,100.0
0.0,100.0
0.0,100.0
0.0,100.0
0.0,100.0
0.0,100.0
0.0,100.0
0.0,100.0
0.0,100.0
0.0,100.0
0.0,100.0
0.0,100.0
0.0,100.0
0.0,100.0
0.0,100.0
0.0,100.0
0.0,100.0
0.0,100.0
0.0,100.0
0.0,100.0
0.0,100.0
0.0,100.0
0.0,100.0
0.0,100.0
0.0,100.0
0.0,100.0
0.0,100.0
0.0,100.0
0.0,100.0
0.0,100.0
0.0,100.0
0.0,100.0
0.0,100.0
0.0,100.0
0.0,100.0
0.0,100.0
0.0,100.0
0.0,100.0
0.0,100.0
0.0,100.0
0.0,100.0
0.0,100.0
0.0,100.0
0.0,100.0
0.0,100.0
0.0,100.0
0.0,100.0
0.0,100.0
0.0,100.0
0.0,100.0
0.0,100.0
0.0,100.0
0.0,100.0
0.0,100.0
0.0,100.0
0.0,100.0
0.0,100.0
0.0,100.0
0.0,100.0
0.0,100.0
0.0,100.0
0.0,100.0
0.0,100.0
0.0,100.0
0.0,100.0
0.0,100.0
0.0,100.0
0.0,100.0
0.0,100.0
0.0,100.0
0.0,100.0
0.0,100.0
0.0,100.0
0.0,100.0
0.0,100.0
0.0,100.0
0.0,100.0
0.0,100.0
0.0,100.0
0.0,100.0
0.0,100.0
0.0,100.0
0.0,100.0
0.0,100.0
0.0,100.0
0.0,100.0
0.0,100.0
0.0,100.0
0.0,100.0
0.0,100.0
0.0,100.0
0.0,100.0
0.0,100.0
0.0,100.0
0.0,100.0
0.0,100.0
0.0,100.0
0.0,100.0
0.0,100.0
0.0,100.0
0.0,100.0
0.0,100.0
0.0,100.0
0.0,100.0
0.0,100.0
0.0,100.0
0.0,100.0
0.0,100.0
0.0,100.0
0.0,100.0
0.0,100.0
0.0,100.0
0.0,100.0
0.0,100.0
0.0,100.0
0.0,100.0
0.0,100.0
0.0,100.0
0.0,100.0
0.0,100.0
0.0,100.0
0.0,100.0
0.0,100.0
0.0,100.0
0.0,100.0
0.0,100.0
0.0,100.0
0.0,100.0
0.0,100.0
0.0,100.0
0.0,100.0
0.0,100.0
0.0,100.0
0.0,100.0
0.0,100.0
0.0,100.0
0.0,100.0
0.0,100.0
0.0,100.0
0.0,100.0
0.0,100.0
0.0,100.0
0.0,100.0
0.0,100.0
0.0,100.0
0.0,100.0
0.0,100.0
0.0,100.0
0.0,100.0
0.0,100.0
0.0,100.0
0.0,100.0
0.0,100.0
0.0,100.0
0.0,100.0
0.0,100.0
0.0,100.0
0.0,100.0
0.0,100.0
0.0,100.0
0.0,100.0
0.0,100.0
0.0,100.0
0.0,100.0
0.0,100.0
0.0,100.0
0.0,100.0
0.0,100.0
0.0,100.0
0.0,100.0
0.0,100.0
0.0,100.0
0.0,100.0
0.0,100.0
0.0,100.0
0.0,100.0
0.0,100.0
0.0,100.0
0.0,100.0
0.0,100.0
0.0,100.0
0.0,100.0
0.0,100.0
0.0,100.0
0.0,100.0
0.0,100.0
0.0,100.0
0.0,100.0
0.0,100.0
0.0,100.0
0.0,100.0
0.0,100.0
0.0,100.0
0.0,100.0
0.0,100.0
0.0,100.0
0.0,100.0
0.0,100.0
0.0,100.0
0.0,100.0
0.0,100.0
0.0,100.0
0.0,100.0
0.0,100.0
0.0,100.0
0.0,100.0
0.0,100.0
0.0,100.0
0.0,100.0
0.0,100.0
0.0,100.0
0.0,100.0
0.0,100.0
0.0,100.0
0.0,100.0
0.0,100.0
0.0,100.0
0.0,100.0
0.0,100.0
0.0,100.0
0.0,100.0
0.0,100.0
0.0,100.0
0.0,100.0
0.0,100.0
0.0,100.0
0.0,100.0
0.0,100.0
0.0,100.0
0.0,100.0
0.0,100.0
0.0,100.0
0.0,100.0
0.0,100.0
0.0,100.0
0.0,100.0
0.0,100.0
0.0,100.0
0.0,100.0
0.0,100.0
0.0,100.0
0.0,100.0
0.0,100.0
0.0,100.0
0.0,100.0
0.0,100.0
0.0,100.0
0.0,100.0
0.0,100.0
0.0,100.0
0.0,100.0
0.0,100.0
0.0,100.0
0.0,100.0
0.0,100.0
0.0,100.0
0.0,100.0
0.0,100.0
0.0,100.0
0.0,100.0
0.0,100.0
0.0,100.0
0.0,100.0
0.0,100.0
0.0,100.0
0.0,100.0
0.0,100.0
0.0,100.0
0.0,100.0
0.0,100.0
0.0,100.0
0.0,100.0
0.0,100.0
0.0,100.0
0.0,100.0
0.0,100.0
0.0,100.0
0.0,100.0
0.0,100.0
0.0,100.0
0.0,100.0
0.0,100.0
0.0,100.0
0.0,100.0
0.0,100.0
0.0,100.0
0.0,100.0
0.0,100.0
0.0,100.0
0.0,100.0
0.0,100.0
0.0,100.0
0.0,100.0
0.0,100.0
0.0,100.0
0.0,100.0
0.0,100.0
0.0,100.0
0.0,100.0
0.0,100.0
0.0,100.0
0.0,100.0
0.0,100.0
0.0,100.0
0.0,100.0
0.0,100.0
0.0,100.0
0.0,100.0
0.0,100.0
0.0,100.0
0.0,100.0
0.0,100.0
0.0,100.0
0.0,100.0
0.0,100.0
0.0,100.0
0.0,100.0
0.0,100.0
0.0,100.0
0.0,100.0
0.0,100.0
0.0,100.0
0.0,100.0
0.0,100.0
0.0,100.0
0.0,100.0
0.0,100.0
0.0,100.0
0.0,100.0
0.0,100.0
0.0,100.0
0.0,100.0
0.0,100.0
0.0,100.0
0.0,100.0
0.0,100.0
0.0,100.0
0.0,100.0
0.0,100.0
0.0,100.0
0.0,100.0
0.0,100.0
0.0,100.0
0.0,100.0
0.0,100.0
0.0,100.0
0.0,100.0
0.0,100.0
0.0,100.0
0.0,100.0
0.0,100.0
0.0,100.0
0.0,100.0
0.0,100.0
0.0,100.0
0.0,100.0
0.0,100.0
0.0,100.0
0.0,100.0
0.0,100.0
0.0,100.0
0.0,100.0
0.0,100.0
0.0,100.0
0.0,100.0
0.0,100.0
0.0,100.0
0.0,100.0
0.0,100.0
0.0,100.0
0.0,100.0
0.0,100.0
0.0,100.0
0.0,100.0
0.0,100.0
0.0,100.0
0.0,100.0
0.0,100.0
0.0,100.0
0.0,100.0
0.0,100.0
0.0,100.0
0.0,100.0
0.0,100.0
0.0,100.0
0.0,100.0
0.0,100.0
0.0,100.0
0.0,100.0
0.0,100.0
0.0,100.0
0.0,100.0
0.0,100.0
0.0,100.0
0.0,100.0
0.0,100.0
0.0,100.0
0.0,100.0
0.0,100.0
0.0,100.0
0.0,100.0
0.0,100.0
0.0,100.0
0.0,100.0
0.0,100.0
0.0,100.0
0.0,100.0
0.0,100.0
0.0,100.0
0.0,100.0
0.0,100.0
0.0,100.0
0.0,100.0
0.0,100.0
0.0,100.0
0.0,100.0
0.0,100.0
0.0,100.0
0.0,100.0
0.0,100.0
0.0,100.0
0.0,100.0
0.0,100.0
0.0,100.0
0.0,100.0
0.0,100.0
0.0,100.0
0.0,100.0
0.0,100.0
0.0,100.0
0.0,100.0
0.0,100.0
0.0,100.0
0.0,100.0
0.0,100.0
0.0,100.0
0.0,100.0
0.0,100.0
0.0,100.0
0.0,100.0
0.0,100.0
0.0,100.0
0.0,100.0
0.0,100.0
0.0,100.0
0.0,100.0
0.0,100.0
0.0,100.0
0.0,100.0
0.0,100.0
0.0,100.0
0.0,100.0
0.0,100.0
0.0,100.0
0.0,100.0
0.0,100.0
0.0,100.0
0.0,100.0
0.0,100.0
0.0,100.0
0.0,100.0
0.0,100.0
0.0,100.0
0.0,100.0
0.0,100.0
0.0,100.0
0.0,100.0
0.0,100.0
0.0,100.0
0.0,100.0
0.0,100.0
0.0,100.0
0.0,100.0
0.0,100.0
0.0,100.0
0.0,100.0
0.0,100.0
0.0,100.0
0.0,100.0
0.0,100.0
0.0,100.0
0.0,100.0
0.0,100.0
0.0,100.0
0.0,100.0
0.0,100.0
0.0,100.0
0.0,100.0
0.0,100.0
0.0,100.0
0.0,100.0
0.0,100.0
0.0,100.0
0.0,100.0
0.0,100.0
0.0,100.0
0.0,100.0
0.0,100.0
0.0,100.0
0.0,100.0
0.0,100.0
0.0,100.0
0.0,100.0
0.0,100.0
0.0,100.0
0.0,100.0
0.0,100.0
0.0,100.0
0.0,100.0
0.0,100.0
0.0,100.0
0.0,100.0
0.0,100.0
0.0,100.0
0.0,100.0
0.0,100.0
0.0,100.0
0.0,100.0
0.0,100.0
0.0,100.0
0.0,100.0
0.0,100.0
0.0,100.0
0.0,100.0
0.0,100.0
0.0,100.0
0.0,100.0
0.0,100.0
0.0,100.0
0.0,100.0
0.0,100.0
0.0,100.0
0.0,100.0
0.0,100.0
0.0,100.0
0.0,100.0
0.0,100.0
0.0,100.0
0.0,100.0
0.0,100.0
0.0,100.0
0.0,100.0
0.0,100.0
0.0,100.0
0.0,100.0
0.0,100.0
0.0,100.0
0.0,100.0
0.0,100.0
0.0,100.0
0.0,100.0
0.0,100.0
0.0,100.0
0.0,100.0
0.0,100.0
0.0,100.0
0.0,100.0
0.0,100.0
0.0,100.0
0.0,100.0
0.0,100.0
0.0,100.0
0.0,100.0
0.0,100.0
0.0,100.0
0.0,100.0
0.0,100.0
0.0,100.0
0.0,100.0
0.0,100.0
0.0,100.0
0.0,100.0
0.0,100.0
0.0,100.0
0.0,100.0
0.0,100.0
0.0,100.0
0.0,100.0
0.0,100.0
0.0,100.0
0.0,100.0
0.0,100.0
0.0,100.0
0.0,100.0
0.0,100.0
0.0,100.0
0.0,100.0
0.0,100.0
0.0,100.0
0.0,100.0
0.0,100.0
0.0,100.0
0.0,100.0
0.0,100.0
0.0,100.0
0.0,100.0
0.0,100.0
0.0,100.0
0.0,100.0
0.0,100.0
0.0,100.0
0.0,100.0
0.0,100.0
0.0,100.0
0.0,100.0
0.0,100.0
0.0,100.0
0.0,100.0
0.0,100.0
0.0,100.0
0.0,100.0
0.0,100.0
0.0,100.0
0.0,100.0
0.0,100.0
0.0,100.0
0.0,100.0
0.0,100.0
0.0,100.0
0.0,100.0
0.0,100.0
0.0,100.0
0.0,100.0
0.0,100.0
0.0,100.0
0.0,100.0
0.0,100.0
0.0,100.0
0.0,100.0
0.0,100.0
0.0,100.0
0.0,100.0
0.0,100.0
0.0,100.0
0.0,100.0
0.0,100.0
0.0,100.0
0.0,100.0
0.0,100.0
0.0,100.0
0.0,100.0
0.0,100.0
0.0,100.0
0.0,100.0
0.0,100.0
0.0,100.0
0.0,100.0
0.0,100.0
0.0,100.0
0.0,100.0
0.0,100.0
0.0,100.0
0.0,100.0
0.0,100.0
0.0,100.0
0.0,100.0
0.0,100.0
0.0,100.0
0.0,100.0
0.0,100.0
0.0,100.0
0.0,100.0
0.0,100.0
0.0,100.0
0.0,100.0
0.0,100.0
0.0,100.0
0.0,100.0
0.0,100.0
0.0,100.0
0.0,100.0
0.0,100.0
0.0,100.0
0.0,100.0
0.0,100.0
0.0,100.0
0.0,100.0
0.0,100.0
0.0,100.0
0.0,100.0
0.0,100.0
0.0,100.0
0.0,100.0
0.0,100.0
0.0,100.0
0.0,100.0
0.0,100.0
0.0,100.0
0.0,100.0
0.0,100.0
0.0,100.0
0.0,100.0
0.0,100.0
0.0,100.0
0.0,100.0
0.0,100.0
0.0,100.0
0.0,100.0
0.0,100.0
0.0,100.0
0.0,100.0
0.0,100.0
0.0,100.0
0.0,100.0
0.0,100.0
0.0,100.0
0.0,100.0
0.0,100.0
0.0,100.0
0.0,100.0
0.0,100.0
0.0,100.0
0.0,100.0
0.0,100.0
0.0,100.0
0.0,100.0
0.0,100.0
0.0,100.0
0.0,100.0
0.0,100.0
0.0,100.0
0.0,100.0
0.0,100.0
0.0,100.0
0.0,100.0
0.0,100.0
0.0,100.0
0.0,100.0
0.0,100.0
0.0,100.0
0.0,100.0
0.0,100.0
0.0,100.0
0.0,100.0
0.0,100.0
0.0,100.0
0.0,100.0
0.0,100.0
0.0,100.0
0.0,100.0
0.0,100.0
0.0,100.0
0.0,100.0
0.0,100.0
0.0,100.0
0.0,100.0
0.0,100.0
0.0,100.0
0.0,100.0
0.0,100.0
0.0,100.0
0.0,100.0
0.0,100.0
0.0,100.0
0.0,100.0
0.0,100.0
0.0,100.0
0.0,100.0
0.0,100.0
0.0,100.0
0.0,100.0
0.0,100.0
0.0,100.0
0.0,100.0
0.0,100.0
0.0,100.0
0.0,100.0
0.0,100.0
0.0,100.0
0.0,100.0
0.0,100.0
0.0,100.0
0.0,100.0
0.0,100.0
0.0,100.0
0.0,100.0
0.0,100.0
0.0,100.0
0.0,100.0
0.0,100.0
0.0,100.0
0.0,100.0
0.0,100.0
0.0,100.0
0.0,100.0
0.0,100.0
0.0,100.0
0.0,100.0
0.0,100.0
0.0,100.0
0.0,100.0
0.0,100.0
0.0,100.0
0.0,100.0
0.0,100.0
0.0,100.0
0.0,100.0
0.0,100.0
0.0,100.0
0.0,100.0
0.0,100.0
0.0,100.0
0.0,100.0
0.0,100.0
0.0,100.0
0.0,100.0
0.0,100.0
0.0,100.0
0.0,100.0
0.0,100.0
0.0,100.0
0.0,100.0
0.0,100.0
0.0,100.0
0.0,100.0
0.0,100.0
0.0,100.0
0.0,100.0
0.0,100.0
0.0,100.0
0.0,100.0
0.0,100.0
0.0,100.0
0.0,100.0
0.0,100.0
0.0,100.0
0.0,100.0
0.0,100.0
0.0,100.0
0.0,100.0
0.0,100.0
0.0,100.0
0.0,100.0
0.0,100.0
0.0,100.0
0.0,100.0
0.0,100.0
0.0,100.0
0.0,100.0
0.0,100.0
0.0,100.0
0.0,100.0
0.0,100.0
0.0,100.0
0.0,100.0
0.0,100.0
0.0,100.0
0.0,100.0
0.0,100.0
0.0,100.0
0.0,100.0
0.0,100.0
0.0,100.0
0.0,100.0
0.0,100.0
0.0,100.0
0.0,100.0
0.0,100.0
0.0,100.0
0.0,100.0
0.0,100.0
0.0,100.0
0.0,100.0
0.0,100.0
0.0,100.0
0.0,100.0
0.0,100.0
0.0,100.0
0.0,100.0
0.0,100.0
0.0,100.0
0.0,100.0
0.0,100.0
0.0,100.0
0.0,99.95918367346938
0.0,99.95918367346938
0.0,99.95918367346938
0.0,99.95918367346938
0.0,99.95918367346938
0.0,99.95918367346938
0.0,99.95918367346938
0.0,99.95918367346938
0.0,99.95918367346938
0.0,99.95918367346938
0.0,99.95918367346938
0.0,99.95918367346938
0.0,99.95918367346938
0.0,99.95918367346938
0.0,99.95918367346938
0.0,99.95918367346938
0.0,99.95918367346938
0.0,99.95918367346938
0.0,99.95918367346938
0.0,99.95918367346938
0.0,99.95918367346938
0.0,99.95918367346938
0.0,99.95918367346938
0.0,99.95918367346938
0.0,99.95918367346938
0.0,99.95918367346938
0.0,99.95918367346938
0.0,99.95918367346938
0.0,99.95918367346938
0.0,99.95918367346938
0.0,99.95918367346938
0.0,99.95918367346938
0.0,99.95918367346938
0.0,99.95918367346938
0.0,99.95918367346938
0.0,99.95918367346938
0.0,99.95918367346938
0.0,99.95918367346938
0.0,99.95918367346938
0.0,99.95918367346938
0.0,99.95918367346938
0.0,99.95918367346938
0.0,99.95918367346938
0.0,99.95918367346938
0.0,99.95918367346938
0.0,99.95918367346938
0.0,99.95918367346938
0.0,99.95918367346938
0.0,99.95918367346938
0.0,99.95918367346938
0.0,99.95918367346938
0.0,99.95918367346938
0.0,99.91836734693878
0.0,99.91836734693878
0.0,99.91836734693878
0.0,99.91836734693878
0.0,99.91836734693878
0.0,99.91836734693878
0.0,99.91836734693878
0.0,99.87755102040816
0.0,99.87755102040816
0.0,99.87755102040816
0.0,99.87755102040816
0.0,99.87755102040816
0.0,99.87755102040816
0.0,99.87755102040816
0.0,99.87755102040816
0.0,99.87755102040816
0.0,99.87755102040816
0.0,99.87755102040816
0.0,99.87755102040816
0.0,99.87755102040816
0.0,99.87755102040816
0.0,99.83673469387755
0.0,99.83673469387755
0.0,99.79591836734693
0.0,99.79591836734693
0.0,99.79591836734693
0.0,99.79591836734693
0.0,99.79591836734693
0.0,99.79591836734693
0.0,99.79591836734693
0.0,99.79591836734693
0.0,99.79591836734693
0.0,99.79591836734693
0.0,99.79591836734693
0.0,99.79591836734693
0.0,99.79591836734693
0.0,99.75510204081633
0.0,99.71428571428571
0.0,99.71428571428571
0.0,99.71428571428571
0.0,99.71428571428571
0.0,99.71428571428571
0.0,99.71428571428571
0.0,99.71428571428571
0.0,99.71428571428571
0.0,99.71428571428571
0.0,99.67346938775509
0.0,99.63265306122449
0.0,99.63265306122449
0.0,99.59183673469386
0.0,99.59183673469386
0.0,99.59183673469386
0.0,99.59183673469386
0.0,99.59183673469386
0.0,99.59183673469386
0.0,99.59183673469386
0.0,99.59183673469386
0.0,99.59183673469386
0.0,99.59183673469386
0.0,99.59183673469386
0.0,99.55102040816325
0.0,99.55102040816325
0.0,99.55102040816325
0.0,99.55102040816325
0.0,99.55102040816325
0.0,99.55102040816325
0.0,99.55102040816325
0.0,99.55102040816325
0.0,99.51020408163265
0.0,99.51020408163265
0.0,99.46938775510203
0.0,99.42857142857142
0.0,99.42857142857142
0.0,99.3877551020408
0.0,99.3877551020408
0.0,99.3877551020408
0.0,99.3877551020408
0.0,99.3877551020408
0.0,99.3877551020408
0.0,99.3877551020408
0.0,99.3877551020408
0.0,99.3469387755102
0.0,99.3469387755102
0.0,99.3469387755102
0.0,99.3469387755102
0.0,99.3469387755102
0.0,99.3469387755102
0.0,99.30612244897958
0.0,99.30612244897958
0.0,99.22448979591836
0.0,99.22448979591836
0.0,99.22448979591836
0.0,99.22448979591836
0.0,99.18367346938773
0.0,99.14285714285712
0.0,99.14285714285712
0.0,99.06122448979589
0.0,99.06122448979589
0.0,99.06122448979589
0.0,99.06122448979589
0.0,99.02040816326529
0.0,99.02040816326529
0.0,99.02040816326529
0.0,98.97959183673467
0.0,98.97959183673467
0.0,98.97959183673467
0.0,98.97959183673467
0.0,98.97959183673467
0.0,98.97959183673467
0.0,98.97959183673467
0.0,98.97959183673467
0.0,98.93877551020407
0.0,98.93877551020407
0.0,98.93877551020407
0.0,98.81632653061223
0.0,98.7755102040816
0.0,98.7755102040816
0.0,98.7755102040816
0.0,98.69387755102039
0.0,98.65306122448976
0.0,98.65306122448976
0.0,98.65306122448976
0.0,98.65306122448976
0.0,98.65306122448976
0.0,98.65306122448976
0.0,98.57142857142854
0.0,98.57142857142854
0.0,98.57142857142854
0.0,98.57142857142854
0.0,98.57142857142854
0.0,98.57142857142854
0.0,98.57142857142854
0.0,98.57142857142854
0.0,98.48979591836732
0.0,98.48979591836732
0.0,98.48979591836732
0.0,98.4489795918367
0.0,98.4489795918367
0.0,98.4489795918367
0.0,98.4489795918367
0.0,98.4489795918367
0.0,98.4489795918367
0.0,98.4489795918367
0.0,98.4489795918367
0.0,98.36734693877547
0.0,98.36734693877547
0.0,98.36734693877547
0.0,98.36734693877547
0.0,98.36734693877547
0.0,98.36734693877547
0.0,98.28571428571425
0.0,98.28571428571425
0.0,98.20408163265303
0.0,98.20408163265303
0.0,98.20408163265303
0.0,98.20408163265303
0.0,98.20408163265303
0.0,98.20408163265303
0.0,98.20408163265303
0.0,98.20408163265303
0.0,98.20408163265303
0.0,98.20408163265303
0.0,98.20408163265303
0.0,98.20408163265303
0.0,98.16326530612241
0.0,98.16326530612241
0.0,98.16326530612241
0.0,98.1224489795918
0.0,98.1224489795918
0.0,98.1224489795918
0.0,98.1224489795918
0.0,98.08163265306119
0.0,98.08163265306119
0.0,98.08163265306119
0.0,98.08163265306119
0.0,98.08163265306119
0.0,98.08163265306119
0.0,98.08163265306119
0.0,98.08163265306119
0.0,98.04081632653057
0.0,98.04081632653057
0.0,98.04081632653057
0.0,97.99999999999996
0.0,97.99999999999996
0.0,97.99999999999996
0.0,97.99999999999996
0.0,97.95918367346934
0.0,97.95918367346934
0.0,97.95918367346934
0.0,97.95918367346934
0.0,97.95918367346934
0.0,97.95918367346934
0.0,97.91836734693874
0.0,97.87755102040812
0.0,97.87755102040812
0.0,97.71428571428567
0.0,97.67346938775506
0.0,97.67346938775506
0.0,97.67346938775506
0.0,97.67346938775506
0.0,97.67346938775506
0.0,97.67346938775506
0.0,97.67346938775506
0.0,97.63265306122445
0.0,97.63265306122445
0.0,97.63265306122445
0.0,97.63265306122445
0.0,97.59183673469383
0.0,97.55102040816321
0.0,97.55102040816321
0.0,97.51020408163261
0.0,97.46938775510199
0.0,97.46938775510199
0.0,97.46938775510199
0.0,97.42857142857137
0.0,97.42857142857137
0.0,97.42857142857137
0.0,97.42857142857137
0.0,97.38775510204077
0.0,97.34693877551014
0.0,97.34693877551014
0.0,97.26530612244893
0.0,97.26530612244893
0.0,97.26530612244893
0.0,97.2244897959183
0.0,97.1836734693877
0.0,97.1836734693877
0.0,97.1836734693877
0.0,97.14285714285708
0.0,97.14285714285708
0.0,97.14285714285708
0.0,97.14285714285708
0.0,97.14285714285708
0.0,97.10204081632646
0.0,97.10204081632646
0.0,97.06122448979586
0.0,97.02040816326524
0.0,97.02040816326524
0.0,96.93877551020401
0.0,96.93877551020401
0.0,96.93877551020401
0.0,96.8571428571428
0.0,96.8571428571428
0.0,96.8571428571428
0.0,96.81632653061217
0.0,96.81632653061217
0.0,96.81632653061217
0.0,96.81632653061217
0.0,96.77551020408157
0.0,96.69387755102035
0.0,96.69387755102035
0.0,96.65306122448975
0.0,96.65306122448975
0.0,96.61224489795912
0.0,96.61224489795912
0.0,96.61224489795912
0.0,96.61224489795912
0.0,96.61224489795912
0.0,96.61224489795912
0.0,96.61224489795912
0.0,96.57142857142851
0.0,96.5306122448979
0.0,96.5306122448979
0.0,96.48979591836729
0.0,96.44897959183668
0.0,96.40816326530606
0.0,96.40816326530606
0.0,96.40816326530606
0.0,96.36734693877546
0.0,96.28571428571422
0.0,96.28571428571422
0.0,96.28571428571422
0.0,96.28571428571422
0.0,96.28571428571422
0.0,96.24489795918362
0.0,96.24489795918362
0.0,96.20408163265299
0.0,96.20408163265299
0.0,96.20408163265299
0.0,96.20408163265299
0.0,96.20408163265299
0.0,96.16326530612238
0.0,96.08163265306115
0.0,96.04081632653055
0.0,95.95918367346931
0.0,95.95918367346931
0.0,95.95918367346931
0.0,95.9183673469387
0.0,95.9183673469387
0.0,95.9183673469387
0.0,95.9183673469387
0.0,95.9183673469387
0.0,95.9183673469387
0.0,95.87755102040809
0.0,95.83673469387749
0.0,95.75510204081625
0.0,95.75510204081625
0.0,95.75510204081625
0.0,95.75510204081625
0.0,95.75510204081625
0.0,95.75510204081625
0.0,95.67346938775502
0.0,95.55102040816318
0.0,95.51020408163257
0.0,95.46938775510196
0.0,95.42857142857135
0.0,95.42857142857135
0.0,95.42857142857135
0.0,95.42857142857135
0.0,95.38775510204073
0.0,95.38775510204073
0.0,95.3061224489795
0.0,95.3061224489795
0.0,95.26530612244889
0.0,95.26530612244889
0.0,95.26530612244889
0.0,95.26530612244889
0.0,95.22448979591829
0.0,95.22448979591829
0.0,95.22448979591829
0.0,95.18367346938767
0.0,95.18367346938767
0.0,95.18367346938767
0.0,95.18367346938767
0.0,95.18367346938767
0.0,95.14285714285705
0.0,95.14285714285705
0.0,95.14285714285705
0.0,95.10204081632644
0.0,95.06122448979583
0.0,95.02040816326522
0.0,95.02040816326522
0.0,94.89795918367336
0.0,94.89795918367336
0.0,94.81632653061216
0.0,94.73469387755092
0.0,94.69387755102031
0.0,94.69387755102031
0.0,94.69387755102031
0.0,94.65306122448969
0.0,94.65306122448969
0.0,94.61224489795909
0.0,94.53061224489787
0.0,94.48979591836724
0.0,94.40816326530603
0.0,94.3673469387754
0.0,94.3673469387754
0.0,94.28571428571418
0.0,94.28571428571418
0.0,94.24489795918356
0.0,94.16326530612234
0.0,94.12244897959172
0.0,94.0408163265305
0.0,93.99999999999989
0.0,93.95918367346927
0.0,93.87755102040805
0.0,93.83673469387743
0.0,93.83673469387743
0.0,93.75510204081621
0.0,93.75510204081621
0.0,93.67346938775498
0.0,93.67346938775498
0.0,93.67346938775498
0.0,93.59183673469376
0.0,93.55102040816314
0.0,93.51020408163254
0.0,93.51020408163254
0.0,93.4693877551019
0.0,93.4693877551019
0.0,93.3877551020407
0.0,93.3877551020407
0.0,93.34693877551007
0.0,93.22448979591825
0.0,93.14285714285701
0.0,93.10204081632641
0.0,93.10204081632641
0.0,93.10204081632641
0.0,93.10204081632641
0.0,93.10204081632641
0.0,93.02040816326517
0.0,93.02040816326517
0.0,92.93877551020394
0.0,92.93877551020394
0.0,92.85714285714272
0.0,92.8163265306121
0.0,92.8163265306121
0.0,92.8163265306121
0.0,92.8163265306121
0.0,92.8163265306121
0.0,92.8163265306121
0.0,92.7755102040815
0.0,92.69387755102026
0.0,92.69387755102026
0.0,92.57142857142844
0.0,92.57142857142844
0.0,92.53061224489781
0.0,92.48979591836721
0.0,92.44897959183659
0.0,92.44897959183659
0.0,92.40816326530597
0.0,92.40816326530597
0.0,92.36734693877537
0.0,92.24489795918352
0.0,92.20408163265292
0.0,92.12244897959168
0.0,92.08163265306108
0.0,91.95918367346924
0.0,91.91836734693862
0.0,91.83673469387739
0.0,91.79591836734679
0.0,91.75510204081617
0.0,91.75510204081617
0.0,91.71428571428555
0.0,91.67346938775495
0.0,91.55102040816311
0.0,91.55102040816311
0.0,91.42857142857126
0.0,91.42857142857126
0.0,91.34693877551004
0.0,91.34693877551004
0.0,91.30612244897942
0.0,91.30612244897942
0.0,91.22448979591819
0.0,91.18367346938759
0.0,91.18367346938759
0.0,91.10204081632635
0.0,91.10204081632635
0.0,91.06122448979575
0.0,91.02040816326513
0.0,91.02040816326513
0.0,90.97959183673451
0.0,90.97959183673451
0.0,90.8979591836733
0.0,90.8979591836733
0.0,90.77551020408146
0.0,90.77551020408146
0.0,90.69387755102022
0.0,90.65306122448962
0.0,90.48979591836716
0.0,90.48979591836716
0.0,90.48979591836716
0.0,90.48979591836716
0.0,90.44897959183656
0.0,90.40816326530594
0.0,90.32653061224472
0.0,90.20408163265287
0.0,90.12244897959167
0.0,90.12244897959167
0.0,90.04081632653043
0.0,89.99999999999982
0.0,89.9591836734692
0.0,89.9591836734692
0.0,89.83673469387736
0.0,89.79591836734674
0.0,89.79591836734674
0.0,89.63265306122432
0.0,89.55102040816308
0.0,89.42857142857125
0.0,89.42857142857125
0.0,89.38775510204063
0.0,89.34693877551001
0.0,89.18367346938757
0.0,89.06122448979573
0.0,89.02040816326513
0.0,88.9387755102039
0.0,88.9387755102039
0.0,88.8979591836733
0.0,88.85714285714266
0.0,88.77551020408144
0.0,88.73469387755082
0.0,88.69387755102022
0.0,88.69387755102022
0.0,88.69387755102022
0.0,88.6530612244896
0.0,88.6530612244896
0.0,88.53061224489777
0.0,88.48979591836716
0.0,88.40816326530593
0.0,88.28571428571409
0.0,88.28571428571409
0.0,88.24489795918348
0.0,88.20408163265286
0.0,88.08163265306104
0.0,88.08163265306104
0.0,87.95918367346918
0.0,87.91836734693857
0.0,87.91836734693857
0.0,87.83673469387735
0.0,87.79591836734673
0.0,87.75510204081611
0.0,87.71428571428551
0.0,87.67346938775489
0.0,87.63265306122427
0.0,87.63265306122427
0.0,87.63265306122427
0.0,87.63265306122427
0.0,87.55102040816304
0.0,87.4285714285712
0.0,87.3877551020406
0.0,87.3877551020406
0.0,87.34693877550998
0.0,87.26530612244876
0.0,87.22448979591815
0.0,87.14285714285691
0.0,87.14285714285691
0.0,87.10204081632631
0.0,87.10204081632631
0.0,86.97959183673447
0.0,86.93877551020385
0.0,86.89795918367324
0.0,86.85714285714263
0.0,86.77551020408141
0.0,86.69387755102018
0.0,86.57142857142834
0.0,86.53061224489772
0.0,86.48979591836711
0.0,86.40816326530589
0.0,86.36734693877527
0.0,86.36734693877527
0.0,86.28571428571405
0.0,86.20408163265282
0.0,86.20408163265282
0.0,86.16326530612221
0.0,85.99999999999976
0.0,85.95918367346916
0.0,85.87755102040792
0.0,85.7959183673467
0.0,85.75510204081608
0.0,85.67346938775486
0.0,85.55102040816303
0.0,85.38775510204057
0.0,85.34693877550997
0.0,85.34693877550997
0.0,85.22448979591813
0.0,85.06122448979569
0.0,85.06122448979569
0.0,84.93877551020385
0.0,84.85714285714262
0.0,84.73469387755078
0.0,84.65306122448956
0.0,84.65306122448956
0.0,84.57142857142833
0.0,84.40816326530587
0.0,84.36734693877527
0.0,84.36734693877527
0.0,84.32653061224467
0.0,84.28571428571405
0.0,84.28571428571405
0.0,84.20408163265282
0.0,84.16326530612221
0.0,84.16326530612221
0.0,84.1224489795916
0.0,84.08163265306098
0.0,83.99999999999974
0.0,83.99999999999974
0.0,83.95918367346914
0.0,83.8367346938773
0.0,83.71428571428547
0.0,83.71428571428547
0.0,83.71428571428547
0.0,83.71428571428547
0.0,83.59183673469362
0.0,83.51020408163241
0.0,83.34693877550995
0.0,83.30612244897935
0.0,83.22448979591812
0.0,83.22448979591812
0.0,83.1428571428569
0.0,83.02040816326506
0.0,82.97959183673443
0.0,82.93877551020383
0.0,82.89795918367322
0.0,82.81632653061199
0.0,82.69387755102015
0.0,82.69387755102015
0.0,82.65306122448953
0.0,82.5714285714283
0.0,82.5714285714283
0.0,82.36734693877524
0.0,82.2448979591834
0.0,82.2040816326528
0.0,82.08163265306096
0.0,81.95918367346911
0.0,81.83673469387728
0.0,81.75510204081606
0.0,81.75510204081606
0.0,81.71428571428544
0.0,81.63265306122422
0.0,81.51020408163238
0.0,81.51020408163238
0.0,81.42857142857115
0.0,81.30612244897931
0.0,81.2653061224487
0.0,81.22448979591809
0.0,81.18367346938747
0.0,81.06122448979563
0.0,80.93877551020378
0.0,80.89795918367318
0.0,80.81632653061196
0.0,80.73469387755073
0.0,80.6530612244895
0.0,80.53061224489765
0.0,80.48979591836705
0.0,80.44897959183645
0.0,80.36734693877521
0.0,80.24489795918338
0.0,80.16326530612216
0.0,80.12244897959152
0.0,80.04081632653032
0.0,79.91836734693847
0.0,79.83673469387725
0.0,79.83673469387725
0.0,79.79591836734663
0.0,79.7142857142854
0.0,79.7142857142854
0.0,79.59183673469356
0.0,79.55102040816296
0.0,79.51020408163234
0.0,79.46938775510172
0.0,79.3877551020405
0.0,79.30612244897927
0.0,79.22448979591805
0.0,79.22448979591805
0.0,79.14285714285683
0.0,79.1020408163262
0.0,79.02040816326499
0.0,78.97959183673437
0.0,78.89795918367314
0.0,78.7755102040813
0.0,78.7755102040813
0.0,78.61224489795886
0.0,78.48979591836702
0.0,78.36734693877519
0.0,78.36734693877519
0.0,78.32653061224457
0.0,78.24489795918335
0.0,78.20408163265273
0.0,78.20408163265273
0.0,77.95918367346906
0.0,77.87755102040784
0.0,77.79591836734662
0.0,77.67346938775476
0.0,77.59183673469354
0.0,77.46938775510169
0.0,77.42857142857109
0.0,77.30612244897925
0.0,77.22448979591803
0.0,77.1020408163262
0.0,77.02040816326496
0.0,76.97959183673436
0.0,76.89795918367312
0.0,76.8571428571425
0.0,76.8163265306119
0.0,76.8163265306119
0.0,76.73469387755067
0.0,76.69387755102007
0.0,76.65306122448943
0.0,76.65306122448943
0.0,76.65306122448943
0.0,76.61224489795883
0.0,76.489795918367
0.0,76.36734693877516
0.0,76.36734693877516
0.0,76.28571428571392
0.0,76.28571428571392
0.0,76.2448979591833
0.0,76.08163265306088
0.0,76.04081632653025
0.0,75.95918367346904
0.0,75.87755102040781
0.0,75.79591836734657
0.0,75.75510204081597
0.0,75.67346938775475
0.0,75.63265306122412
0.0,75.59183673469352
0.0,75.59183673469352
0.0,75.55102040816291
0.0,75.46938775510168
0.0,75.38775510204044
0.0,75.30612244897922
0.0,75.18367346938739
0.0,75.18367346938739
0.0,75.14285714285677
0.0,75.06122448979555
0.0,74.93877551020371
0.0,74.8979591836731
0.0,74.8979591836731
0.0,74.73469387755065
0.0,74.69387755102004
0.0,74.65306122448943
0.0,74.65306122448943
0.0,74.5714285714282
0.0,74.48979591836697
0.0,74.48979591836697
0.0,74.40816326530575
0.0,74.28571428571391
0.0,74.24489795918329
0.0,74.24489795918329
0.0,74.12244897959145
0.0,74.04081632653023
0.0,73.9183673469384
0.0,73.87755102040778
0.0,73.75510204081594
0.0,73.67346938775471
0.0,73.59183673469347
0.0,73.46938775510164
0.0,73.34693877550981
0.0,73.34693877550981
0.0,73.26530612244858
0.0,73.22448979591798
0.0,73.18367346938734
0.0,73.14285714285674
0.0,73.14285714285674
0.0,73.10204081632614
0.0,73.0204081632649
0.0,73.0204081632649
0.0,72.97959183673429
0.0,72.89795918367307
0.0,72.81632653061183
0.0,72.77551020408121
0.0,72.69387755102
0.0,72.53061224489755
0.0,72.48979591836695
0.0,72.3265306122445
0.0,72.24489795918328
0.0,72.20408163265266
0.0,72.12244897959144
0.0,71.95918367346898
0.0,71.87755102040776
0.0,71.79591836734654
0.0,71.79591836734654
0.0,71.71428571428531
0.0,71.55102040816287
0.0,71.46938775510164
0.0,71.46938775510164
0.0,71.46938775510164
0.0,71.38775510204043
0.0,71.3469387755098
0.0,71.26530612244858
0.0,71.26530612244858
0.0,71.26530612244858
0.0,71.22448979591796
0.0,71.10204081632612
0.0,71.0204081632649
0.0,70.85714285714245
0.0,70.73469387755061
0.0,70.69387755102001
0.0,70.61224489795877
0.0,70.57142857142817
0.0,70.48979591836695
0.0,70.36734693877511
0.0,70.32653061224448
0.0,70.16326530612206
0.0,70.12244897959143
0.0,70.0408163265302
0.0,69.87755102040776
0.0,69.79591836734654
0.0,69.75510204081593
0.0,69.71428571428531
0.0,69.59183673469347
0.0,69.55102040816287
0.0,69.51020408163225
0.0,69.46938775510164
0.0,69.42857142857102
0.0,69.3469387755098
0.0,69.30612244897918
0.0,69.22448979591795
0.0,69.18367346938734
0.0,69.10204081632611
0.0,69.02040816326489
0.0,68.97959183673429
0.0,68.81632653061183
0.0,68.77551020408123
0.0,68.73469387755061
0.0,68.73469387755061
0.0,68.61224489795877
0.0,68.53061224489755
0.0,68.53061224489755
0.0,68.4081632653057
0.0,68.3673469387751
0.0,68.3673469387751
0.0,68.32653061224448
0.0,68.28571428571387
0.0,68.20408163265263
0.0,68.20408163265263
0.0,68.12244897959143
0.0,68.12244897959143
0.0,68.0816326530608
0.0,67.95918367346896
0.0,67.91836734693835
0.0,67.87755102040774
0.0,67.83673469387713
0.0,67.7959183673465
0.0,67.7551020408159
0.0,67.67346938775466
0.0,67.59183673469344
0.0,67.46938775510161
0.0,67.42857142857099
0.0,67.38775510204037
0.0,67.26530612244854
0.0,67.18367346938732
0.0,67.1428571428567
0.0,67.06122448979548
0.0,66.93877551020364
0.0,66.93877551020364
0.0,66.8571428571424
0.0,66.8571428571424
0.0,66.8163265306118
0.0,66.73469387755057
0.0,66.69387755101997
0.0,66.65306122448933
0.0,66.53061224489751
0.0,66.4897959183669
0.0,66.40816326530567
0.0,66.36734693877504
0.0,66.28571428571384
0.0,66.2448979591832
0.0,66.16326530612199
0.0,66.16326530612199
0.0,66.12244897959137
0.0,66.08163265306077
0.0,66.04081632653015
0.0,65.99999999999955
0.0,65.99999999999955
0.0,65.95918367346891
0.0,65.95918367346891
0.0,65.87755102040771
0.0,65.83673469387708
0.0,65.83673469387708
0.0,65.83673469387708
0.0,65.83673469387708
0.0,65.79591836734647
0.0,65.79591836734647
0.0,65.75510204081586
0.0,65.71428571428524
0.0,65.67346938775464
0.0,65.63265306122402
0.0,65.55102040816278
0.0,65.46938775510156
0.0,65.42857142857095
0.0,65.34693877550971
0.0,65.30612244897911
0.0,65.30612244897911
0.0,65.30612244897911
0.0,65.30612244897911
0.0,65.26530612244851
0.0,65.18367346938727
0.0,65.10204081632605
0.0,65.10204081632605
0.0,65.02040816326482
0.0,64.85714285714239
0.0,64.77551020408116
0.0,64.69387755101992
0.0,64.6122448979587
0.0,64.53061224489747
0.0,64.44897959183625
0.0,64.36734693877503
0.0,64.3265306122444
0.0,64.3265306122444
0.0,64.2857142857138
0.0,64.20408163265257
0.0,64.16326530612196
0.0,64.12244897959134
0.0,63.9999999999995
0.0,63.918367346938275
0.0,63.918367346938275
0.0,63.918367346938275
0.0,63.836734693877055
0.0,63.836734693877055
0.0,63.836734693877055
0.0,63.75510204081583
0.0,63.71428571428522
0.0,63.632653061223984
0.0,63.55102040816277
0.0,63.55102040816277
0.0,63.510204081632146
0.0,63.469387755101536
0.0,63.3877551020403
0.0,63.265306122448465
0.0,63.265306122448465
0.0,63.14285714285663
0.0,63.10204081632602
0.0,63.06122448979541
0.0,63.02040816326478
0.0,63.02040816326478
0.0,62.97959183673417
0.0,62.89795918367296
0.0,62.857142857142335
0.0,62.775510204081115
0.0,62.7346938775505
0.0,62.7346938775505
0.0,62.612244897958654
0.0,62.53061224489744
0.0,62.448979591836206
0.0,62.36734693877497
0.0,62.32653061224437
0.0,62.28571428571376
0.0,62.204081632652525
0.0,62.08163265306069
0.0,62.04081632653008
0.0,62.04081632653008
0.0,61.99999999999947
0.0,61.91836734693824
0.0,61.91836734693824
0.0,61.91836734693824
0.0,61.91836734693824
0.0,61.87755102040762
0.0,61.87755102040762
0.0,61.83673469387701
0.0,61.83673469387701
0.0,61.83673469387701
0.0,61.795918367346395
0.0,61.755102040815785
0.0,61.755102040815785
0.0,61.714285714285175
0.0,61.63265306122395
0.0,61.63265306122395
0.0,61.551020408162714
0.0,61.42857142857088
0.0,61.387755102040266
0.0,61.306122448979046
0.0,61.306122448979046
0.0,61.26530612244843
0.0,61.22448979591781
0.0,61.1836734693872
0.0,61.142857142856585
0.0,61.142857142856585
0.0,61.061224489795364
0.0,61.061224489795364
0.0,61.02040816326475
0.0,60.8163265306117
0.0,60.8163265306117
0.0,60.77551020408108
0.0,60.73469387755047
0.0,60.73469387755047
0.0,60.65306122448924
0.0,60.65306122448924
0.0,60.65306122448924
0.0,60.571428571428015
0.0,60.5306122448974
0.0,60.489795918366795
0.0,60.44897959183618
0.0,60.40816326530556
0.0,60.28571428571373
0.0,60.204081632652496
0.0,60.204081632652496
0.0,60.163265306121886
0.0,60.163265306121886
0.0,60.163265306121886
0.0,60.081632653060666
0.0,60.081632653060666
0.0,60.081632653060666
0.0,59.95918367346882
0.0,59.877551020407594
0.0,59.79591836734637
0.0,59.79591836734637
0.0,59.75510204081575
0.0,59.67346938775453
0.0,59.63265306122392
0.0,59.46938775510147
0.0,59.42857142857086
0.0,59.42857142857086
0.0,59.387755102040245
0.0,59.387755102040245
0.0,59.387755102040245
0.0,59.30612244897902
0.0,59.2244897959178
0.0,59.14285714285657
0.0,59.02040816326473
0.0,58.979591836734116
0.0,58.938775510203506
0.0,58.775510204081066
0.0,58.73469387755045
0.0,58.65306122448922
0.0,58.61224489795861
0.0,58.61224489795861
0.0,58.571428571428
0.0,58.571428571428
0.0,58.44897959183616
0.0,58.36734693877493
0.0,58.36734693877493
0.0,58.32653061224432
0.0,58.20408163265248
0.0,58.122448979591255
0.0,58.08163265306064
0.0,57.99999999999942
0.0,57.87755102040757
0.0,57.87755102040757
0.0,57.836734693876956
0.0,57.71428571428512
0.0,57.71428571428512
0.0,57.63265306122389
0.0,57.59183673469328
0.0,57.510204081632054
0.0,57.469387755101444
0.0,57.38775510204022
0.0,57.38775510204022
0.0,57.30612244897899
0.0,57.26530612244838
0.0,57.18367346938715
0.0,57.14285714285654
0.0,57.0204081632647
0.0,56.93877551020347
0.0,56.93877551020347
0.0,56.93877551020347
0.0,56.89795918367286
0.0,56.81632653061163
0.0,56.734693877550406
0.0,56.65306122448918
0.0,56.65306122448918
0.0,56.57142857142796
0.0,56.57142857142796
0.0,56.57142857142796
0.0,56.448979591836114
0.0,56.4081632653055
0.0,56.367346938774894
0.0,56.28571428571366
0.0,56.24489795918305
0.0,56.12244897959121
0.0,56.081632653060595
0.0,55.99999999999937
0.0,55.91836734693815
0.0,55.91836734693815
0.0,55.87755102040753
0.0,55.87755102040753
0.0,55.83673469387692
0.0,55.75510204081569
0.0,55.71428571428508
0.0,55.71428571428508
0.0,55.673469387754466
0.0,55.59183673469324
0.0,55.55102040816263
0.0,55.428571428570784
0.0,55.387755102040174
0.0,55.346938775509564
0.0,55.346938775509564
0.0,55.306122448978954
0.0,55.306122448978954
0.0,55.26530612244834
0.0,55.22448979591772
0.0,55.1428571428565
0.0,55.06122448979527
0.0,55.020408163264655
0.0,54.938775510203435
0.0,54.89795918367282
0.0,54.89795918367282
0.0,54.89795918367282
0.0,54.89795918367282
0.0,54.89795918367282
0.0,54.81632653061159
0.0,54.73469387755037
0.0,54.73469387755037
0.0,54.73469387755037
0.0,54.65306122448914
0.0,54.612244897958526
0.0,54.48979591836669
0.0,54.48979591836669
0.0,54.40816326530546
0.0,54.367346938774844
0.0,54.285714285713624
0.0,54.24489795918301
0.0,54.24489795918301
0.0,54.16326530612178
0.0,54.08163265306056
0.0,54.04081632652994
0.0,53.918367346938105
0.0,53.877551020407495
0.0,53.83673469387688
0.0,53.83673469387688
0.0,53.75510204081565
0.0,53.67346938775442
0.0,53.67346938775442
0.0,53.551020408162586
0.0,53.46938775510136
0.0,53.42857142857075
0.0,53.42857142857075
0.0,53.38775510204013
0.0,53.38775510204013
0.0,53.34693877550952
0.0,53.34693877550952
0.0,53.34693877550952
0.0,53.224489795917684
0.0,53.18367346938707
0.0,53.06122448979523
0.0,53.06122448979523
0.0,53.02040816326461
0.0,53.02040816326461
0.0,52.979591836734
0.0,52.979591836734
0.0,52.93877551020339
0.0,52.93877551020339
0.0,52.93877551020339
0.0,52.857142857142165
0.0,52.857142857142165
0.0,52.81632653061155
0.0,52.73469387755033
0.0,52.73469387755033
0.0,52.69387755101972
0.0,52.61224489795848
0.0,52.53061224489726
0.0,52.53061224489726
0.0,52.448979591836036
0.0,52.448979591836036
0.0,52.40816326530542
0.0,52.3265306122442
0.0,52.28571428571358
0.0,52.24489795918297
0.0,52.24489795918297
0.0,52.122448979591134
0.0,52.122448979591134
0.0,52.122448979591134
0.0,52.122448979591134
0.0,51.95918367346869
0.0,51.877551020407466
0.0,51.83673469387685
0.0,51.75510204081562
0.0,51.75510204081562
0.0,51.59183673469318
0.0,51.59183673469318
0.0,51.51020408163195
0.0,51.51020408163195
0.0,51.51020408163195
0.0,51.51020408163195
0.0,51.51020408163195
0.0,51.51020408163195
0.0,51.51020408163195
0.0,51.51020408163195
0.0,51.51020408163195
0.0,51.469387755101344
0.0,51.42857142857073
0.0,51.42857142857073
0.0,51.42857142857073
0.0,51.42857142857073
0.0,51.38775510204012
0.0,51.3469387755095
0.0,51.3469387755095
0.0,51.3469387755095
0.0,51.3469387755095
0.0,51.3469387755095
0.0,51.30612244897888
0.0,51.30612244897888
0.0,51.26530612244828
0.0,51.26530612244828
0.0,51.18367346938705
0.0,51.18367346938705
0.0,51.18367346938705
0.0,51.142857142856435
0.0,51.142857142856435
0.0,51.10204081632582
0.0,51.061224489795215
0.0,51.0204081632646
0.0,50.97959183673398
0.0,50.897959183672754
0.0,50.81632653061153
0.0,50.734693877550306
0.0,50.734693877550306
0.0,50.65306122448908
0.0,50.65306122448908
0.0,50.65306122448908
0.0,50.65306122448908
0.0,50.57142857142785
0.0,50.57142857142785
0.0,50.53061224489724
0.0,50.489795918366625
0.0,50.489795918366625
0.0,50.448979591836014
0.0,50.408163265305404
0.0,50.28571428571356
0.0,50.20408163265233
0.0,50.122448979591105
0.0,50.081632653060495
0.0,50.040816326529885
0.0,50.040816326529885
0.0,49.99999999999927
0.0,49.95918367346866
0.0,49.95918367346866
0.0,49.83673469387682
0.0,49.83673469387682
0.0,49.83673469387682
0.0,49.75510204081559
0.0,49.75510204081559
0.0,49.75510204081559
0.0,49.714285714284976
0.0,49.632653061223756
0.0,49.632653061223756
0.0,49.59183673469314
0.0,49.55102040816252
0.0,49.469387755101295
0.0,49.42857142857069
0.0,49.387755102040074
0.0,49.387755102040074
0.0,49.30612244897885
0.0,49.30612244897885
0.0,49.30612244897885
0.0,49.30612244897885
0.0,49.26530612244823
0.0,49.22448979591763
0.0,49.22448979591763
0.0,49.18367346938701
0.0,49.10204081632578
0.0,49.10204081632578
0.0,49.10204081632578
0.0,49.020408163264555
0.0,48.93877551020333
0.0,48.8571428571421
0.0,48.81632653061149
0.0,48.77551020408088
0.0,48.693877551019646
0.0,48.653061224489036
0.0,48.571428571427816
0.0,48.571428571427816
0.0,48.5306122448972
0.0,48.48979591836658
0.0,48.40816326530536
0.0,48.40816326530536
0.0,48.367346938774745
0.0,48.326530612244134
0.0,48.326530612244134
0.0,48.28571428571352
0.0,48.2448979591829
0.0,48.2448979591829
0.0,48.2448979591829
0.0,48.2040816326523
0.0,48.16326530612168
0.0,48.16326530612168
0.0,48.16326530612168
0.0,48.12244897959107
0.0,48.12244897959107
0.0,48.08163265306045
0.0,48.040816326529836
0.0,47.99999999999923
0.0,47.959183673468615
0.0,47.918367346938005
0.0,47.918367346938005
0.0,47.87755102040739
0.0,47.87755102040739
0.0,47.87755102040739
0.0,47.79591836734617
0.0,47.71428571428495
0.0,47.71428571428495
0.0,47.71428571428495
0.0,47.71428571428495
0.0,47.67346938775433
0.0,47.67346938775433
0.0,47.67346938775433
0.0,47.63265306122372
0.0,47.63265306122372
0.0,47.59183673469311
0.0,47.55102040816249
0.0,47.55102040816249
0.0,47.51020408163188
0.0,47.469387755101266
0.0,47.428571428570656
0.0,47.387755102040046
0.0,47.26530612244821
0.0,47.14285714285638
0.0,47.06122448979515
0.0,47.06122448979515
0.0,47.02040816326454
0.0,46.97959183673393
0.0,46.938775510203314
0.0,46.897959183672704
0.0,46.897959183672704
0.0,46.85714285714209
0.0,46.85714285714209
0.0,46.85714285714209
0.0,46.77551020408087
0.0,46.77551020408087
0.0,46.73469387755026
0.0,46.69387755101964
0.0,46.69387755101964
0.0,46.61224489795842
0.0,46.5714285714278
0.0,46.5306122448972
0.0,46.48979591836658
0.0,46.448979591835965
0.0,46.448979591835965
0.0,46.408163265305355
0.0,46.408163265305355
0.0,46.408163265305355
0.0,46.36734693877474
0.0,46.285714285713524
0.0,46.285714285713524
0.0,46.24489795918291
0.0,46.2040816326523
0.0,46.16326530612168
0.0,46.16326530612168
0.0,46.12244897959107
0.0,46.08163265306046
0.0,46.04081632652984
0.0,46.04081632652984
0.0,46.04081632652984
0.0,45.95918367346862
0.0,45.8775510204074
0.0,45.8775510204074
0.0,45.8775510204074
0.0,45.8775510204074
0.0,45.8775510204074
0.0,45.8775510204074
0.0,45.8775510204074
0.0,45.79591836734618
0.0,45.79591836734618
0.0,45.755102040815565
0.0,45.755102040815565
0.0,45.755102040815565
0.0,45.755102040815565
0.0,45.755102040815565
0.0,45.755102040815565
0.0,45.714285714284955
0.0,45.714285714284955
0.0,45.714285714284955
0.0,45.673469387754345
0.0,45.63265306122373
0.0,45.63265306122373
0.0,45.63265306122373
0.0,45.63265306122373
0.0,45.55102040816251
0.0,45.55102040816251
0.0,45.5102040816319
0.0,45.5102040816319
0.0,45.42857142857068
0.0,45.38775510204006
0.0,45.38775510204006
0.0,45.38775510204006
0.0,45.34693877550944
0.0,45.34693877550944
0.0,45.26530612244823
0.0,45.22448979591761
0.0,45.22448979591761
0.0,45.183673469387
0.0,45.183673469387
0.0,45.183673469387
0.0,45.183673469387
0.0,45.183673469387
0.0,45.142857142856386
0.0,45.102040816325776
0.0,44.97959183673394
0.0,44.93877551020333
0.0,44.93877551020333
0.0,44.89795918367271
0.0,44.8571428571421
0.0,44.81632653061149
0.0,44.775510204080874
0.0,44.775510204080874
0.0,44.73469387755026
0.0,44.73469387755026
0.0,44.73469387755026
0.0,44.693877551019646
0.0,44.653061224489036
0.0,44.653061224489036
0.0,44.653061224489036
0.0,44.653061224489036
0.0,44.612244897958426
0.0,44.57142857142781
0.0,44.57142857142781
0.0,44.53061224489719
0.0,44.53061224489719
0.0,44.48979591836658
0.0,44.48979591836658
0.0,44.48979591836658
0.0,44.48979591836658
0.0,44.48979591836658
0.0,44.48979591836658
0.0,44.48979591836658
0.0,44.48979591836658
0.0,44.48979591836658
0.0,44.44897959183597
0.0,44.44897959183597
0.0,44.44897959183597
0.0,44.408163265305355
0.0,44.367346938774745
0.0,44.32653061224413
0.0,44.32653061224413
0.0,44.32653061224413
0.0,44.32653061224413
0.0,44.32653061224413
0.0,44.244897959182914
0.0,44.244897959182914
0.0,44.2040816326523
0.0,44.2040816326523
0.0,44.2040816326523
0.0,44.12244897959108
0.0,44.08163265306046
0.0,44.08163265306046
0.0,43.99999999999925
0.0,43.99999999999925
0.0,43.99999999999925
0.0,43.95918367346863
0.0,43.95918367346863
0.0,43.95918367346863
0.0,43.95918367346863
0.0,43.91836734693801
0.0,43.91836734693801
0.0,43.91836734693801
0.0,43.75510204081557
0.0,43.75510204081557
0.0,43.673469387754345
0.0,43.673469387754345
0.0,43.673469387754345
0.0,43.63265306122374
0.0,43.591836734693125
0.0,43.55102040816251
0.0,43.5102040816319
0.0,43.5102040816319
0.0,43.5102040816319
0.0,43.42857142857068
0.0,43.34693877550946
0.0,43.34693877550946
0.0,43.34693877550946
0.0,43.34693877550946
0.0,43.30612244897884
0.0,43.26530612244822
0.0,43.22448979591762
0.0,43.183673469387
0.0,43.10204081632578
0.0,43.10204081632578
0.0,43.10204081632578
0.0,43.061224489795165
0.0,43.061224489795165
0.0,42.97959183673395
0.0,42.97959183673395
0.0,42.97959183673395
0.0,42.97959183673395
0.0,42.97959183673395
0.0,42.938775510203335
0.0,42.938775510203335
0.0,42.89795918367272
0.0,42.85714285714211
0.0,42.81632653061149
0.0,42.81632653061149
0.0,42.77551020408089
0.0,42.77551020408089
0.0,42.77551020408089
0.0,42.69387755101966
0.0,42.69387755101966
0.0,42.65306122448904
0.0,42.61224489795843
0.0,42.61224489795843
0.0,42.61224489795843
0.0,42.57142857142782
0.0,42.57142857142782
0.0,42.53061224489721
0.0,42.489795918366596
0.0,42.489795918366596
0.0,42.40816326530537
0.0,42.40816326530537
0.0,42.326530612244156
0.0,42.326530612244156
0.0,42.28571428571354
0.0,42.24489795918293
0.0,42.24489795918293
0.0,42.16326530612171
0.0,42.08163265306049
0.0,42.08163265306049
0.0,42.08163265306049
0.0,42.08163265306049
0.0,42.04081632652987
0.0,42.04081632652987
0.0,42.04081632652987
0.0,42.04081632652987
0.0,42.04081632652987
0.0,41.99999999999926
0.0,41.95918367346865
0.0,41.95918367346865
0.0,41.95918367346865
0.0,41.95918367346865
0.0,41.877551020407424
0.0,41.71428571428498
0.0,41.673469387754366
0.0,41.551020408162536
0.0,41.551020408162536
0.0,41.551020408162536
0.0,41.51020408163192
0.0,41.51020408163192
0.0,41.46938775510131
0.0,41.42857142857069
0.0,41.42857142857069
0.0,41.34693877550947
0.0,41.30612244897886
0.0,41.183673469387024
0.0,41.102040816325804
0.0,41.061224489795194
0.0,40.97959183673397
0.0,40.97959183673397
0.0,40.93877551020336
0.0,40.93877551020336
0.0,40.89795918367275
0.0,40.816326530611526
0.0,40.7346938775503
0.0,40.653061224489086
0.0,40.57142857142786
0.0,40.57142857142786
0.0,40.48979591836664
0.0,40.48979591836664
0.0,40.44897959183603
0.0,40.36734693877481
0.0,40.36734693877481
0.0,40.36734693877481
0.0,40.36734693877481
0.0,40.28571428571358
0.0,40.20408163265237
0.0,40.20408163265237
0.0,40.20408163265237
0.0,40.20408163265237
0.0,40.20408163265237
0.0,40.16326530612175
0.0,40.16326530612175
0.0,40.16326530612175
0.0,40.122448979591134
0.0,40.04081632652992
0.0,40.04081632652992
0.0,40.04081632652992
0.0,39.9591836734687
0.0,39.87755102040747
0.0,39.83673469387686
0.0,39.79591836734625
0.0,39.673469387754416
0.0,39.591836734693196
0.0,39.551020408162586
0.0,39.46938775510136
0.0,39.34693877550953
0.0,39.30612244897891
0.0,39.30612244897891
0.0,39.2653061224483
0.0,39.18367346938708
0.0,39.14285714285647
0.0,39.020408163264634
0.0,38.93877551020341
0.0,38.93877551020341
0.0,38.8979591836728
0.0,38.857142857142186
0.0,38.81632653061157
0.0,38.81632653061157
0.0,38.81632653061157
0.0,38.734693877550356
0.0,38.734693877550356
0.0,38.69387755101974
0.0,38.69387755101974
0.0,38.69387755101974
0.0,38.69387755101974
0.0,38.69387755101974
0.0,38.65306122448913
0.0,38.65306122448913
0.0,38.57142857142791
0.0,38.57142857142791
0.0,38.57142857142791
0.0,38.5306122448973
0.0,38.44897959183607
0.0,38.408163265305454
0.0,38.408163265305454
0.0,38.32653061224424
0.0,38.285714285713624
0.0,38.122448979591184
0.0,38.122448979591184
0.0,38.040816326529956
0.0,38.040816326529956
0.0,37.99999999999934
0.0,37.99999999999934
0.0,37.99999999999934
0.0,37.99999999999934
0.0,37.99999999999934
0.0,37.95918367346873
0.0,37.95918367346873
0.0,37.91836734693812
0.0,37.87755102040751
0.0,37.75510204081567
0.0,37.71428571428506
0.0,37.591836734693224
0.0,37.510204081632004
0.0,37.38775510204017
0.0,37.38775510204017
0.0,37.34693877550956
0.0,37.34693877550956
0.0,37.30612244897895
0.0,37.22448979591773
0.0,37.1428571428565
0.0,37.1428571428565
0.0,37.10204081632588
0.0,37.02040816326467
0.0,36.93877551020344
0.0,36.93877551020344
0.0,36.89795918367283
0.0,36.89795918367283
0.0,36.85714285714222
0.0,36.81632653061161
0.0,36.81632653061161
0.0,36.81632653061161
0.0,36.775510204080994
0.0,36.73469387755038
0.0,36.73469387755038
0.0,36.653061224489164
0.0,36.61224489795855
0.0,36.53061224489733
0.0,36.48979591836671
0.0,36.48979591836671
0.0,36.44897959183611
0.0,36.40816326530549
0.0,36.32653061224426
0.0,36.28571428571365
0.0,36.24489795918304
0.0,36.20408163265243
0.0,36.20408163265243
0.0,36.163265306121815
0.0,36.163265306121815
0.0,36.163265306121815
0.0,36.1224489795912
0.0,36.040816326529985
0.0,35.99999999999937
0.0,35.99999999999937
0.0,35.95918367346876
0.0,35.87755102040753
0.0,35.83673469387693
0.0,35.83673469387693
0.0,35.83673469387693
0.0,35.79591836734631
0.0,35.75510204081569
0.0,35.75510204081569
0.0,35.67346938775447
0.0,35.59183673469325
0.0,35.59183673469325
0.0,35.59183673469325
0.0,35.59183673469325
0.0,35.55102040816264
0.0,35.55102040816264
0.0,35.55102040816264
0.0,35.55102040816264
0.0,35.469387755101415
0.0,35.469387755101415
0.0,35.469387755101415
0.0,35.469387755101415
0.0,35.428571428570805
0.0,35.428571428570805
0.0,35.428571428570805
0.0,35.387755102040195
0.0,35.34693877550958
0.0,35.30612244897897
0.0,35.22448979591774
0.0,35.18367346938714
0.0,35.0612244897953
0.0,34.97959183673408
0.0,34.89795918367286
0.0,34.85714285714224
0.0,34.816326530611626
0.0,34.73469387755041
0.0,34.73469387755041
0.0,34.73469387755041
0.0,34.693877551019796
0.0,34.653061224489186
0.0,34.653061224489186
0.0,34.653061224489186
0.0,34.653061224489186
0.0,34.653061224489186
0.0,34.653061224489186
0.0,34.571428571427965
0.0,34.489795918366745
0.0,34.44897959183613
0.0,34.36734693877491
0.0,34.3265306122443
0.0,34.24489795918308
0.0,34.20408163265246
0.0,34.16326530612184
0.0,34.16326530612184
0.0,34.16326530612184
0.0,34.12244897959124
0.0,34.08163265306062
0.0,34.08163265306062
0.0,34.08163265306062
0.0,34.08163265306062
0.0,34.08163265306062
0.0,34.08163265306062
0.0,34.08163265306062
0.0,34.040816326530006
0.0,34.040816326530006
0.0,34.040816326530006
0.0,33.999999999999396
0.0,33.95918367346878
0.0,33.95918367346878
0.0,33.918367346938176
0.0,33.83673469387695
0.0,33.83673469387695
0.0,33.83673469387695
0.0,33.79591836734633
0.0,33.6734693877545
0.0,33.63265306122389
0.0,33.63265306122389
0.0,33.63265306122389
0.0,33.63265306122389
0.0,33.591836734693274
0.0,33.591836734693274
0.0,33.591836734693274
0.0,33.591836734693274
0.0,33.591836734693274
0.0,33.55102040816266
0.0,33.55102040816266
0.0,33.510204081632054
0.0,33.510204081632054
0.0,33.46938775510144
0.0,33.46938775510144
0.0,33.46938775510144
0.0,33.38775510204022
0.0,33.3469387755096
0.0,33.265306122448386
0.0,33.22448979591777
0.0,33.14285714285655
0.0,33.14285714285655
0.0,33.14285714285655
0.0,33.10204081632594
0.0,33.10204081632594
0.0,33.02040816326471
0.0,33.02040816326471
0.0,32.9795918367341
0.0,32.9795918367341
0.0,32.9795918367341
0.0,32.9795918367341
0.0,32.9795918367341
0.0,32.9795918367341
0.0,32.938775510203484
0.0,32.897959183672874
0.0,32.857142857142264
0.0,32.775510204081044
0.0,32.775510204081044
0.0,32.73469387755043
0.0,32.69387755101981
0.0,32.69387755101981
0.0,32.65306122448921
0.0,32.65306122448921
0.0,32.61224489795859
0.0,32.61224489795859
0.0,32.57142857142797
0.0,32.57142857142797
0.0,32.48979591836675
0.0,32.48979591836675
0.0,32.44897959183614
0.0,32.36734693877492
0.0,32.36734693877492
0.0,32.285714285713695
0.0,32.24489795918309
0.0,32.24489795918309
0.0,32.204081632652475
0.0,32.16326530612186
0.0,32.12244897959125
0.0,32.08163265306063
0.0,31.9591836734688
0.0,31.91836734693819
0.0,31.836734693876966
0.0,31.836734693876966
0.0,31.75510204081575
0.0,31.75510204081575
0.0,31.75510204081575
0.0,31.673469387754526
0.0,31.673469387754526
0.0,31.673469387754526
0.0,31.591836734693306
0.0,31.551020408162692
0.0,31.469387755101472
0.0,31.42857142857086
0.0,31.42857142857086
0.0,31.42857142857086
0.0,31.42857142857086
0.0,31.346938775509635
0.0,31.306122448979025
0.0,31.2244897959178
0.0,31.18367346938719
0.0,31.18367346938719
0.0,31.142857142856577
0.0,31.10204081632596
0.0,31.10204081632596
0.0,31.06122448979535
0.0,31.020408163264737
0.0,30.897959183672903
0.0,30.897959183672903
0.0,30.897959183672903
0.0,30.897959183672903
0.0,30.897959183672903
0.0,30.897959183672903
0.0,30.816326530611683
0.0,30.77551020408107
0.0,30.73469387755046
0.0,30.612244897958625
0.0,30.489795918366788
0.0,30.448979591836174
0.0,30.408163265305564
0.0,30.408163265305564
0.0,30.408163265305564
0.0,30.408163265305564
0.0,30.36734693877495
0.0,30.36734693877495
0.0,30.326530612244333
0.0,30.326530612244333
0.0,30.285714285713723
0.0,30.16326530612189
0.0,30.16326530612189
0.0,30.08163265306067
0.0,30.08163265306067
0.0,30.040816326530056
0.0,29.959183673468836
0.0,29.918367346938222
0.0,29.87755102040761
0.0,29.87755102040761
0.0,29.836734693876995
0.0,29.836734693876995
0.0,29.836734693876995
0.0,29.836734693876995
0.0,29.79591836734638
0.0,29.79591836734638
0.0,29.71428571428516
0.0,29.71428571428516
0.0,29.67346938775455
0.0,29.591836734693327
0.0,29.591836734693327
0.0,29.510204081632107
0.0,29.469387755101497
0.0,29.42857142857088
0.0,29.387755102040266
0.0,29.265306122448433
0.0,29.224489795917822
0.0,29.142857142856602
0.0,29.142857142856602
0.0,29.06122448979538
0.0,29.06122448979538
0.0,29.06122448979538
0.0,29.02040816326477
0.0,28.97959183673415
0.0,28.97959183673415
0.0,28.97959183673415
0.0,28.97959183673415
0.0,28.93877551020354
0.0,28.93877551020354
0.0,28.897959183672928
0.0,28.816326530611708
0.0,28.816326530611708
0.0,28.816326530611708
0.0,28.816326530611708
0.0,28.816326530611708
0.0,28.734693877550484
0.0,28.693877551019874
0.0,28.653061224489257
0.0,28.612244897958647
0.0,28.612244897958647
0.0,28.489795918366813
0.0,28.489795918366813
0.0,28.489795918366813
0.0,28.489795918366813
0.0,28.4489795918362
0.0,28.36734693877498
0.0,28.244897959183145
0.0,28.244897959183145
0.0,28.244897959183145
0.0,28.244897959183145
0.0,28.244897959183145
0.0,28.244897959183145
0.0,28.20408163265253
0.0,28.163265306121918
0.0,28.163265306121918
0.0,28.163265306121918
0.0,28.122448979591304
0.0,28.122448979591304
0.0,28.081632653060694
0.0,27.99999999999947
0.0,27.959183673468857
0.0,27.959183673468857
0.0,27.959183673468857
0.0,27.959183673468857
0.0,27.918367346938243
0.0,27.918367346938243
0.0,27.918367346938243
0.0,27.918367346938243
0.0,27.918367346938243
0.0,27.877551020407633
0.0,27.83673469387702
0.0,27.7551020408158
0.0,27.7551020408158
0.0,27.714285714285182
0.0,27.673469387754572
0.0,27.673469387754572
0.0,27.59183673469335
0.0,27.59183673469335
0.0,27.55102040816274
0.0,27.510204081632125
0.0,27.46938775510151
0.0,27.46938775510151
0.0,27.46938775510151
0.0,27.38775510204029
0.0,27.30612244897907
0.0,27.30612244897907
0.0,27.30612244897907
0.0,27.30612244897907
0.0,27.22448979591785
0.0,27.22448979591785
0.0,27.183673469387234
0.0,27.142857142856624
0.0,27.0612244897954
0.0,27.02040816326479
0.0,26.93877551020357
0.0,26.897959183672956
0.0,26.897959183672956
0.0,26.897959183672956
0.0,26.857142857142343
0.0,26.81632653061173
0.0,26.775510204081115
0.0,26.775510204081115
0.0,26.734693877550505
0.0,26.734693877550505
0.0,26.734693877550505
0.0,26.734693877550505
0.0,26.69387755101989
0.0,26.653061224489274
0.0,26.571428571428054
0.0,26.530612244897444
0.0,26.530612244897444
0.0,26.48979591836683
0.0,26.448979591836217
0.0,26.408163265305603
0.0,26.408163265305603
0.0,26.32653061224438
0.0,26.32653061224438
0.0,26.28571428571377
0.0,26.244897959183156
0.0,26.244897959183156
0.0,26.204081632652546
0.0,26.16326530612193
0.0,26.16326530612193
0.0,26.16326530612193
0.0,26.16326530612193
0.0,26.122448979591315
0.0,26.122448979591315
0.0,26.122448979591315
0.0,26.122448979591315
0.0,26.122448979591315
0.0,26.122448979591315
0.0,26.081632653060705
0.0,26.081632653060705
0.0,26.04081632653009
0.0,25.999999999999478
0.0,25.999999999999478
0.0,25.999999999999478
0.0,25.999999999999478
0.0,25.877551020407644
0.0,25.83673469387703
0.0,25.75510204081581
0.0,25.75510204081581
0.0,25.75510204081581
0.0,25.75510204081581
0.0,25.714285714285197
0.0,25.714285714285197
0.0,25.673469387754587
0.0,25.63265306122397
0.0,25.59183673469336
0.0,25.59183673469336
0.0,25.59183673469336
0.0,25.59183673469336
0.0,25.551020408162746
0.0,25.551020408162746
0.0,25.551020408162746
0.0,25.551020408162746
0.0,25.510204081632132
0.0,25.510204081632132
0.0,25.510204081632132
0.0,25.3877551020403
0.0,25.346938775509685
0.0,25.265306122448465
0.0,25.22448979591785
0.0,25.22448979591785
0.0,25.22448979591785
0.0,25.14285714285663
0.0,25.14285714285663
0.0,25.102040816326017
0.0,25.061224489795407
0.0,25.061224489795407
0.0,25.02040816326479
0.0,25.02040816326479
0.0,24.979591836734176
0.0,24.938775510203566
0.0,24.938775510203566
0.0,24.938775510203566
0.0,24.89795918367295
0.0,24.89795918367295
0.0,24.85714285714234
0.0,24.816326530611725
0.0,24.77551020408111
0.0,24.7346938775505
0.0,24.7346938775505
0.0,24.7346938775505
0.0,24.7346938775505
0.0,24.7346938775505
0.0,24.693877551019884
0.0,24.653061224489274
0.0,24.61224489795866
0.0,24.571428571428044
0.0,24.530612244897434
0.0,24.530612244897434
0.0,24.48979591836682
0.0,24.44897959183621
0.0,24.408163265305596
0.0,24.408163265305596
0.0,24.408163265305596
0.0,24.408163265305596
0.0,24.36734693877498
0.0,24.36734693877498
0.0,24.32653061224437
0.0,24.32653061224437
0.0,24.32653061224437
0.0,24.32653061224437
0.0,24.32653061224437
0.0,24.285714285713755
0.0,24.285714285713755
0.0,24.285714285713755
0.0,24.204081632652535
0.0,24.04081632653009
0.0,24.04081632653009
0.0,23.959183673468864
0.0,23.918367346938258
0.0,23.918367346938258
0.0,23.877551020407648
0.0,23.877551020407648
0.0,23.795918367346424
0.0,23.795918367346424
0.0,23.75510204081581
0.0,23.67346938775459
0.0,23.632653061223976
0.0,23.632653061223976
0.0,23.59183673469337
0.0,23.59183673469337
0.0,23.469387755101533
0.0,23.469387755101533
0.0,23.469387755101533
0.0,23.469387755101533
0.0,23.469387755101533
0.0,23.428571428570923
0.0,23.387755102040316
0.0,23.387755102040316
0.0,23.387755102040316
0.0,23.346938775509702
0.0,23.346938775509702
0.0,23.306122448979092
0.0,23.306122448979092
0.0,23.306122448979092
0.0,23.306122448979092
0.0,23.18367346938726
0.0,23.18367346938726
0.0,23.102040816326035
0.0,23.102040816326035
0.0,23.102040816326035
0.0,23.102040816326035
0.0,22.979591836734198
0.0,22.897959183672977
0.0,22.857142857142367
0.0,22.857142857142367
0.0,22.857142857142367
0.0,22.857142857142367
0.0,22.857142857142367
0.0,22.857142857142367
0.0,22.857142857142367
0.0,22.857142857142367
0.0,22.857142857142367
0.0,22.734693877550534
0.0,22.734693877550534
0.0,22.693877551019924
0.0,22.693877551019924
0.0,22.693877551019924
0.0,22.653061224489313
0.0,22.571428571428086
0.0,22.448979591836252
0.0,22.448979591836252
0.0,22.408163265305646
0.0,22.326530612244422
0.0,22.326530612244422
0.0,22.326530612244422
0.0,22.285714285713812
0.0,22.285714285713812
0.0,22.2448979591832
0.0,22.204081632652592
0.0,22.16326530612198
0.0,22.16326530612198
0.0,22.16326530612198
0.0,22.16326530612198
0.0,22.12244897959137
0.0,22.12244897959137
0.0,22.12244897959137
0.0,22.12244897959137
0.0,22.040816326530145
0.0,21.999999999999538
0.0,21.959183673468925
0.0,21.8775510204077
0.0,21.79591836734648
0.0,21.755102040815867
0.0,21.755102040815867
0.0,21.755102040815867
0.0,21.755102040815867
0.0,21.673469387754643
0.0,21.673469387754643
0.0,21.59183673469342
0.0,21.59183673469342
0.0,21.510204081632196
0.0,21.510204081632196
0.0,21.46938775510159
0.0,21.428571428570976
0.0,21.346938775509752
0.0,21.306122448979142
0.0,21.265306122448532
0.0,21.224489795917922
0.0,21.18367346938731
0.0,21.142857142856702
0.0,21.142857142856702
0.0,21.142857142856702
0.0,21.142857142856702
0.0,21.142857142856702
0.0,21.142857142856702
0.0,21.061224489795475
0.0,21.061224489795475
0.0,21.020408163264868
0.0,20.979591836734254
0.0,20.979591836734254
0.0,20.938775510203648
0.0,20.938775510203648
0.0,20.938775510203648
0.0,20.938775510203648
0.0,20.897959183673034
0.0,20.857142857142424
0.0,20.816326530611818
0.0,20.775510204081204
0.0,20.775510204081204
0.0,20.734693877550594
0.0,20.693877551019984
0.0,20.653061224489374
0.0,20.653061224489374
0.0,20.653061224489374
0.0,20.612244897958764
0.0,20.612244897958764
0.0,20.530612244897537
0.0,20.448979591836316
0.0,20.326530612244483
0.0,20.326530612244483
0.0,20.285714285713873
0.0,20.285714285713873
0.0,20.244897959183263
0.0,20.16326530612204
0.0,20.081632653060815
0.0,20.081632653060815
0.0,20.040816326530205
0.0,19.99999999999959
0.0,19.99999999999959
0.0,19.99999999999959
0.0,19.99999999999959
0.0,19.918367346938368
0.0,19.918367346938368
0.0,19.877551020407758
0.0,19.877551020407758
0.0,19.877551020407758
0.0,19.795918367346534
0.0,19.795918367346534
0.0,19.795918367346534
0.0,19.755102040815927
0.0,19.714285714285314
0.0,19.714285714285314
0.0,19.673469387754704
0.0,19.673469387754704
0.0,19.673469387754704
0.0,19.673469387754704
0.0,19.59183673469348
0.0,19.59183673469348
0.0,19.59183673469348
0.0,19.59183673469348
0.0,19.510204081632256
0.0,19.510204081632256
0.0,19.510204081632256
0.0,19.510204081632256
0.0,19.469387755101646
0.0,19.42857142857104
0.0,19.42857142857104
0.0,19.346938775509813
0.0,19.346938775509813
0.0,19.346938775509813
0.0,19.346938775509813
0.0,19.26530612244859
0.0,19.224489795917982
0.0,19.18367346938737
0.0,19.18367346938737
0.0,19.18367346938737
0.0,19.102040816326145
0.0,18.97959183673431
0.0,18.97959183673431
0.0,18.9387755102037
0.0,18.9387755102037
0.0,18.89795918367309
0.0,18.89795918367309
0.0,18.89795918367309
0.0,18.89795918367309
0.0,18.85714285714248
0.0,18.85714285714248
0.0,18.816326530611867
0.0,18.734693877550647
0.0,18.734693877550647
0.0,18.734693877550647
0.0,18.734693877550647
0.0,18.734693877550647
0.0,18.734693877550647
0.0,18.734693877550647
0.0,18.653061224489424
0.0,18.61224489795881
0.0,18.61224489795881
0.0,18.61224489795881
0.0,18.61224489795881
0.0,18.61224489795881
0.0,18.61224489795881
0.0,18.571428571428203
0.0,18.571428571428203
0.0,18.530612244897593
0.0,18.48979591836698
0.0,18.448979591836373
0.0,18.448979591836373
0.0,18.40816326530576
0.0,18.40816326530576
0.0,18.40816326530576
0.0,18.40816326530576
0.0,18.367346938775153
0.0,18.285714285713926
0.0,18.285714285713926
0.0,18.204081632652702
0.0,18.204081632652702
0.0,18.163265306122096
0.0,18.122448979591482
0.0,18.081632653060872
0.0,18.081632653060872
0.0,18.040816326530262
0.0,17.999999999999652
0.0,17.959183673469038
0.0,17.959183673469038
0.0,17.959183673469038
0.0,17.91836734693843
0.0,17.836734693877208
0.0,17.836734693877208
0.0,17.836734693877208
0.0,17.836734693877208
0.0,17.836734693877208
0.0,17.795918367346598
0.0,17.795918367346598
0.0,17.714285714285374
0.0,17.673469387754764
0.0,17.673469387754764
0.0,17.59183673469354
0.0,17.510204081632317
0.0,17.469387755101707
0.0,17.428571428571093
0.0,17.387755102040487
0.0,17.346938775509873
0.0,17.306122448979266
0.0,17.306122448979266
0.0,17.265306122448653
0.0,17.265306122448653
0.0,17.224489795918043
0.0,17.183673469387433
0.0,17.0612244897956
0.0,17.02040816326499
0.0,17.02040816326499
0.0,16.97959183673438
0.0,16.97959183673438
0.0,16.897959183673155
0.0,16.734693877550708
0.0,16.734693877550708
0.0,16.734693877550708
0.0,16.734693877550708
0.0,16.734693877550708
0.0,16.693877551020098
0.0,16.693877551020098
0.0,16.693877551020098
0.0,16.653061224489488
0.0,16.653061224489488
0.0,16.612244897958877
0.0,16.612244897958877
0.0,16.571428571428264
0.0,16.448979591836434
0.0,16.448979591836434
0.0,16.408163265305824
0.0,16.408163265305824
0.0,16.3265306122446
0.0,16.244897959183373
0.0,16.16326530612215
0.0,16.122448979591542
0.0,16.08163265306093
0.0,16.04081632653032
0.0,15.959183673469095
0.0,15.918367346938487
0.0,15.877551020407875
0.0,15.836734693877267
0.0,15.714285714285433
0.0,15.673469387754821
0.0,15.632653061224211
0.0,15.551020408162987
0.0,15.510204081632379
0.0,15.510204081632379
0.0,15.469387755101765
0.0,15.428571428571155
0.0,15.428571428571155
0.0,15.346938775509933
0.0,15.306122448979322
0.0,15.265306122448711
0.0,15.265306122448711
0.0,15.224489795918101
0.0,15.224489795918101
0.0,15.183673469387491
0.0,15.183673469387491
0.0,15.14285714285688
0.0,15.10204081632627
0.0,15.06122448979566
0.0,15.06122448979566
0.0,15.02040816326505
0.0,14.979591836734437
0.0,14.938775510203827
0.0,14.897959183673219
0.0,14.775510204081383
0.0,14.734693877550773
0.0,14.734693877550773
0.0,14.571428571428326
0.0,14.530612244897716
0.0,14.448979591836492
0.0,14.448979591836492
0.0,14.408163265305882
0.0,14.408163265305882
0.0,14.367346938775272
0.0,14.367346938775272
0.0,14.285714285714048
0.0,14.285714285714048
0.0,14.244897959183438
0.0,14.163265306122215
0.0,14.122448979591605
0.0,14.122448979591605
0.0,14.081632653060993
0.0,14.081632653060993
0.0,14.081632653060993
0.0,14.081632653060993
0.0,13.95918367346916
0.0,13.918367346938549
0.0,13.877551020407939
0.0,13.877551020407939
0.0,13.877551020407939
0.0,13.714285714285491
0.0,13.673469387754881
0.0,13.632653061224271
0.0,13.632653061224271
0.0,13.632653061224271
0.0,13.59183673469366
0.0,13.55102040816305
0.0,13.55102040816305
0.0,13.469387755101828
0.0,13.469387755101828
0.0,13.428571428571217
0.0,13.428571428571217
0.0,13.306122448979384
0.0,13.306122448979384
0.0,13.142857142856936
0.0,13.102040816326326
0.0,13.102040816326326
0.0,13.0204081632651
0.0,12.979591836734492
0.0,12.979591836734492
0.0,12.857142857142657
0.0,12.816326530612047
0.0,12.775510204081437
0.0,12.775510204081437
0.0,12.734693877550827
0.0,12.693877551020215
0.0,12.693877551020215
0.0,12.653061224489605
0.0,12.612244897958997
0.0,12.530612244897771
0.0,12.489795918367161
0.0,12.448979591836551
0.0,12.448979591836551
0.0,12.367346938775327
0.0,12.367346938775327
0.0,12.367346938775327
0.0,12.367346938775327
0.0,12.285714285714104
0.0,12.20408163265288
0.0,12.20408163265288
0.0,12.16326530612227
0.0,12.12244897959166
0.0,12.081632653061048
0.0,11.999999999999824
0.0,11.999999999999824
0.0,11.9183673469386
0.0,11.9183673469386
0.0,11.87755102040799
0.0,11.795918367346765
0.0,11.755102040816155
0.0,11.673469387754931
0.0,11.632653061224318
0.0,11.591836734693707
0.0,11.551020408163096
0.0,11.469387755101872
0.0,11.469387755101872
0.0,11.469387755101872
0.0,11.42857142857126
0.0,11.387755102040648
0.0,11.387755102040648
0.0,11.387755102040648
0.0,11.387755102040648
0.0,11.346938775510036
0.0,11.306122448979426
0.0,11.306122448979426
0.0,11.2244897959182
0.0,11.142857142856979
0.0,11.142857142856979
0.0,11.142857142856979
0.0,11.061224489795753
0.0,11.020408163265143
0.0,10.93877551020392
0.0,10.93877551020392
0.0,10.897959183673306
0.0,10.857142857142696
0.0,10.857142857142696
0.0,10.857142857142696
0.0,10.857142857142696
0.0,10.857142857142696
0.0,10.816326530612084
0.0,10.816326530612084
0.0,10.816326530612084
0.0,10.816326530612084
0.0,10.775510204081472
0.0,10.693877551020249
0.0,10.693877551020249
0.0,10.571428571428413
0.0,10.530612244897801
0.0,10.48979591836719
0.0,10.48979591836719
0.0,10.48979591836719
0.0,10.44897959183658
0.0,10.408163265305967
0.0,10.285714285714132
0.0,10.24489795918352
0.0,10.204081632652906
0.0,10.081632653061073
0.0,10.081632653061073
0.0,10.04081632653046
0.0,10.04081632653046
0.0,9.999999999999849
0.0,9.918367346938625
0.0,9.836734693877402
0.0,9.755102040816178
0.0,9.755102040816178
0.0,9.755102040816178
0.0,9.714285714285568
0.0,9.714285714285568
0.0,9.632653061224342
0.0,9.510204081632509
0.0,9.510204081632509
0.0,9.510204081632509
0.0,9.469387755101895
0.0,9.469387755101895
0.0,9.428571428571285
0.0,9.387755102040673
0.0,9.346938775510061
0.0,9.30612244897945
0.0,9.30612244897945
0.0,9.30612244897945
0.0,9.224489795918226
0.0,9.142857142857004
0.0,9.142857142857004
0.0,9.142857142857004
0.0,9.142857142857004
0.0,9.142857142857004
0.0,9.142857142857004
0.0,9.142857142857004
0.0,9.10204081632639
0.0,9.10204081632639
0.0,9.061224489795778
0.0,8.979591836734556
0.0,8.979591836734556
0.0,8.938775510203945
0.0,8.897959183673331
0.0,8.775510204081497
0.0,8.775510204081497
0.0,8.734693877550884
0.0,8.653061224489662
0.0,8.57142857142844
0.0,8.530612244897826
0.0,8.489795918367214
0.0,8.367346938775379
0.0,8.326530612244767
0.0,8.285714285714155
0.0,8.285714285714155
0.0,8.244897959183545
0.0,8.244897959183545
0.0,8.244897959183545
0.0,8.204081632652933
0.0,8.16326530612232
0.0,8.040816326530486
0.0,8.040816326530486
0.0,7.999999999999873
0.0,7.999999999999873
0.0,7.999999999999873
0.0,7.999999999999873
0.0,7.959183673469262
0.0,7.959183673469262
0.0,7.91836734693865
0.0,7.91836734693865
0.0,7.8775510204080375
0.0,7.836734693877427
0.0,7.836734693877427
0.0,7.755102040816203
0.0,7.673469387754979
0.0,7.5510204081631445
0.0,7.510204081632533
0.0,7.469387755101921
0.0,7.42857142857131
0.0,7.387755102040697
0.0,7.387755102040697
0.0,7.387755102040697
0.0,7.387755102040697
0.0,7.346938775510086
0.0,7.306122448979473
0.0,7.306122448979473
0.0,7.265306122448862
0.0,7.265306122448862
0.0,7.265306122448862
0.0,7.265306122448862
0.0,7.224489795918251
0.0,7.224489795918251
0.0,7.183673469387639
0.0,7.183673469387639
0.0,7.142857142857027
0.0,7.020408163265191
0.0,6.97959183673458
0.0,6.9387755102039685
0.0,6.897959183673357
0.0,6.897959183673357
0.0,6.857142857142745
0.0,6.857142857142745
0.0,6.734693877550909
0.0,6.6530612244896865
0.0,6.612244897959075
0.0,6.612244897959075
0.0,6.612244897959075
0.0,6.571428571428463
0.0,6.530612244897851
0.0,6.489795918367239
0.0,6.448979591836627
0.0,6.408163265306015
0.0,6.367346938775404
0.0,6.367346938775404
0.0,6.367346938775404
0.0,6.367346938775404
0.0,6.367346938775404
0.0,6.326530612244792
0.0,6.326530612244792
0.0,6.244897959183569
0.0,6.244897959183569
0.0,6.163265306122345
0.0,6.0816326530611216
0.0,6.040816326530511
0.0,5.999999999999899
0.0,5.999999999999899
0.0,5.999999999999899
0.0,5.918367346938676
0.0,5.836734693877453
0.0,5.795918367346842
0.0,5.795918367346842
0.0,5.7551020408162294
0.0,5.7551020408162294
0.0,5.7551020408162294
0.0,5.673469387755007
0.0,5.591836734693784
0.0,5.591836734693784
0.0,5.551020408163173
0.0,5.551020408163173
0.0,5.469387755101949
0.0,5.428571428571337
0.0,5.387755102040726
0.0,5.3469387755101145
0.0,5.3469387755101145
0.0,5.306122448979503
0.0,5.306122448979503
0.0,5.306122448979503
0.0,5.306122448979503
0.0,5.306122448979503
0.0,5.306122448979503
0.0,5.183673469387668
0.0,5.142857142857056
0.0,5.142857142857056
0.0,5.142857142857056
0.0,5.142857142857056
0.0,5.0204081632652215
0.0,4.97959183673461
0.0,4.938775510203998
0.0,4.897959183673387
0.0,4.857142857142774
0.0,4.775510204081551
0.0,4.73469387755094
0.0,4.73469387755094
0.0,4.6938775510203286
0.0,4.653061224489717
0.0,4.612244897959105
0.0,4.530612244897882
0.0,4.530612244897882
0.0,4.530612244897882
0.0,4.48979591836727
0.0,4.326530612244824
0.0,4.326530612244824
0.0,4.285714285714213
0.0,4.2448979591836
0.0,4.2448979591836
0.0,4.2448979591836
0.0,4.204081632652989
0.0,4.163265306122376
0.0,4.081632653061154
0.0,4.081632653061154
0.0,4.040816326530543
0.0,4.040816326530543
0.0,4.040816326530543
0.0,4.040816326530543
0.0,4.040816326530543
0.0,3.9999999999999303
0.0,3.959183673469319
0.0,3.9183673469387075
0.0,3.8775510204080956
0.0,3.836734693877484
0.0,3.836734693877484
0.0,3.795918367346872
0.0,3.7551020408162605
0.0,3.7551020408162605
0.0,3.7142857142856487
0.0,3.7142857142856487
0.0,3.632653061224426
0.0,3.591836734693814
0.0,3.551020408163202
0.0,3.551020408163202
0.0,3.4693877551019794
0.0,3.428571428571368
0.0,3.346938775510145
0.0,3.346938775510145
0.0,3.3061224489795333
0.0,3.1836734693876987
0.0,3.142857142857087
0.0,3.102040816326475
0.0,3.102040816326475
0.0,3.102040816326475
0.0,3.061224489795863
0.0,3.061224489795863
0.0,3.020408163265252
0.0,3.020408163265252
0.0,2.979591836734641
0.0,2.8979591836734175
0.0,2.8979591836734175
0.0,2.857142857142806
0.0,2.857142857142806
0.0,2.857142857142806
0.0,2.8163265306121947
0.0,2.8163265306121947
0.0,2.7755102040815833
0.0,2.7755102040815833
0.0,2.7755102040815833
0.0,2.7755102040815833
0.0,2.7755102040815833
0.0,2.7346938775509715
0.0,2.7346938775509715
0.0,2.7346938775509715
0.0,2.69387755102036
0.0,2.69387755102036
0.0,2.6530612244897487
0.0,2.5714285714285254
0.0,2.5714285714285254
0.0,2.5714285714285254
0.0,2.5306122448979145
0.0,2.40816326530608
0.0,2.40816326530608
0.0,2.3673469387754684
0.0,2.326530612244857
0.0,2.2857142857142456
0.0,2.244897959183634
0.0,2.244897959183634
0.0,2.244897959183634
0.0,2.204081632653023
0.0,2.1224489795917996
0.0,2.081632653061188
0.0,2.081632653061188
0.0,2.081632653061188
0.0,2.081632653061188
0.0,2.040816326530577
0.0,1.9999999999999651
0.0,1.9999999999999651
0.0,1.9591836734693537
0.0,1.9183673469387426
0.0,1.8367346938775195
0.0,1.795918367346908
0.0,1.7551020408162965
0.0,1.714285714285685
0.0,1.673469387755074
0.0,1.673469387755074
0.0,1.673469387755074
0.0,1.5918367346938507
0.0,1.5918367346938507
0.0,1.5510204081632393
0.0,1.5102040816326276
0.0,1.5102040816326276
0.0,1.469387755102016
0.0,1.4285714285714046
0.0,1.387755102040793
0.0,1.387755102040793
0.0,1.387755102040793
0.0,1.387755102040793
0.0,1.387755102040793
0.0,1.387755102040793
0.0,1.387755102040793
0.0,1.2653061224489583
0.0,1.224489795918347
0.0,1.224489795918347
0.0,1.224489795918347
0.0,1.1836734693877353
0.0,1.1428571428571237
0.0,1.1428571428571237
0.0,1.1428571428571237
0.0,1.102040816326512
0.0,1.102040816326512
0.0,1.0612244897959004
0.0,1.0612244897959004
0.0,1.0612244897959004
0.0,1.0204081632652888
0.0,0.9795918367346773
0.0,0.9795918367346773
0.0,0.9795918367346773
0.0,0.9387755102040658
0.0,0.9387755102040658
0.0,0.9387755102040658
0.0,0.9387755102040658
0.0,0.9387755102040658
0.0,0.9387755102040658
0.0,0.9387755102040658
0.0,0.9387755102040658
0.0,0.9387755102040658
0.0,0.9387755102040658
0.0,0.8979591836734542
0.0,0.8571428571428426
0.0,0.816326530612231
0.0,0.816326530612231
0.0,0.816326530612231
0.0,0.816326530612231
0.0,0.816326530612231
0.0,0.7755102040816194
0.0,0.7755102040816194
0.0,0.7755102040816194
0.0,0.7755102040816194
0.0,0.7755102040816194
0.0,0.7755102040816194
0.0,0.7755102040816194
0.0,0.7346938775510079
0.0,0.7346938775510079
0.0,0.6938775510203964
0.0,0.6938775510203964
0.0,0.6530612244897848
0.0,0.6122448979591733
0.0,0.6122448979591733
0.0,0.6122448979591733
0.0,0.6122448979591733
0.0,0.6122448979591733
0.0,0.6122448979591733
0.0,0.6122448979591733
0.0,0.6122448979591733
0.0,0.6122448979591733
0.0,0.6122448979591733
0.0,0.6122448979591733
0.0,0.6122448979591733
0.0,0.6122448979591733
0.0,0.6122448979591733
0.0,0.6122448979591733
0.0,0.6122448979591733
0.0,0.6122448979591733
0.0,0.6122448979591733
0.0,0.5714285714285616
0.0,0.5714285714285616
0.0,0.5714285714285616
0.0,0.5714285714285616
0.0,0.5714285714285616
0.0,0.48979591836733855
0.0,0.48979591836733855
0.0,0.448979591836727
0.0,0.448979591836727
0.0,0.448979591836727
0.0,0.4081632653061154
0.0,0.4081632653061154
0.0,0.4081632653061154
0.0,0.4081632653061154
0.0,0.4081632653061154
0.0,0.4081632653061154
0.0,0.3673469387755039
0.0,0.3673469387755039
0.0,0.3673469387755039
0.0,0.3265306122448923
0.0,0.28571428571428076
0.0,0.24489795918366922
0.0,0.24489795918366922
0.0,0.24489795918366922
0.0,0.24489795918366922
0.0,0.24489795918366922
0.0,0.2040816326530577
0.0,0.2040816326530577
0.0,0.2040816326530577
0.0,0.2040816326530577
0.0,0.2040816326530577
0.0,0.2040816326530577
0.0,0.2040816326530577
0.0,0.2040816326530577
0.0,0.2040816326530577
0.0,0.2040816326530577
0.0,0.2040816326530577
0.0,0.2040816326530577
0.0,0.2040816326530577
0.0,0.2040816326530577
0.0,0.2040816326530577
0.0,0.2040816326530577
0.0,0.2040816326530577
0.0,0.2040816326530577
0.0,0.2040816326530577
0.0,0.2040816326530577
0.0,0.2040816326530577
0.0,0.2040816326530577
0.0,0.2040816326530577
0.0,0.2040816326530577
0.0,0.2040816326530577
0.0,0.2040816326530577
0.0,0.2040816326530577
0.0,0.2040816326530577
0.0,0.2040816326530577
0.0,0.16326530612244616
0.0,0.16326530612244616
0.0,0.16326530612244616
0.0,0.16326530612244616
0.0,0.16326530612244616
0.0,0.16326530612244616
0.0,0.16326530612244616
0.0,0.12244897959183464
0.0,0.12244897959183464
0.0,0.12244897959183464
0.0,0.08163265306122308
0.0,0.08163265306122308
0.0,0.08163265306122308
0.0,0.08163265306122308
0.0,0.08163265306122308
0.0,0.08163265306122308
0.0,0.08163265306122308
0.0,0.08163265306122308
0.0,0.08163265306122308
0.0,0.08163265306122308
0.0,0.08163265306122308
0.0,0.08163265306122308
0.0,0.08163265306122308
0.0,0.04081632653061154
0.0,0.04081632653061154
0.0,0.04081632653061154
0.0,0.04081632653061154
0.0,0.04081632653061154
0.0,0.04081632653061154
0.0,0.0
